Date,Site_ID,YSI_Depth_m,Temp_C,DO_%,DO_mgL,SPC_uScm,pH,Nitrate,Secchi_m,WaterDepth_m,Notes
20220511,SAR_P1,0,10.3,80.9,9.04,377,8.4,NA,NA,NA,"YSI measurements potentially at surface, 1 m, 2m, 3m and 4m"
20220511,SAR_P1,0.5,10.2,78,8.76,374,8.36,NA,NA,NA,"YSI measurements potentially at surface, 1 m, 2m, 3m and 4m"
20220511,SAR_P1,1,10.2,78.2,8.79,377.6,8.33,NA,NA,NA,"YSI measurements potentially at surface, 1 m, 2m, 3m and 4m"
20220511,SAR_P1,1.5,10.2,86.8,9.73,372.4,8.38,NA,NA,NA,"YSI measurements potentially at surface, 1 m, 2m, 3m and 4m"
20220511,SAR_P1,2,10.3,88.5,9.8,351.4,8.39,NA,NA,NA,"YSI measurements potentially at surface, 1 m, 2m, 3m and 4m"
20220511,SAR_P1,2.5,NA,NA,NA,NA,NA,NA,NA,NA,"YSI measurements potentially at surface, 1 m, 2m, 3m and 4m"
20220511,SAR_P1,3,NA,NA,NA,NA,NA,NA,NA,NA,"YSI measurements potentially at surface, 1 m, 2m, 3m and 4m"
20220511,SAR_P1,3.5,NA,NA,NA,NA,NA,NA,NA,NA,"YSI measurements potentially at surface, 1 m, 2m, 3m and 4m"
20220511,SAR_P2,0,10.3,77.9,8.72,370.3,8.34,NA,1.2192,NA,
20220511,SAR_P2,0.5,10.3,77.9,8.72,370.2,8.32,1310,1.2192,NA,
20220511,SAR_P2,1,10.3,78,8.72,370.2,8.32,1325,1.2192,NA,
20220511,SAR_P2,1.5,10.3,77.9,8.72,370.2,8.31,13.44,1.2192,NA,
20220511,SAR_P2,2,10.3,77.9,8.71,370.1,8.31,13.93,1.2192,NA,
20220511,SAR_P2,2.5,10.3,77.8,8.7,370.1,8.32,14.4,1.2192,NA,
20220511,SAR_P2,3,10.4,77.9,8.71,370.1,8.32,14.65,1.2192,NA,
20220511,SAR_P2,3.5,NA,NA,NA,NA,NA,NA,1.2192,NA,
20220511,SAR_P3,0,10.6,78.7,8.74,370.1,8.47,1180,1.2192,2.8956,
20220511,SAR_P3,0.5,10.7,78.8,8.75,370.3,8.41,1004,1.2192,2.8956,
20220511,SAR_P3,1,10.7,78.8,8.75,370.3,8.37,964,1.2192,2.8956,
20220511,SAR_P3,1.5,10.7,78.8,8.75,370.4,8.36,952,1.2192,2.8956,
20220511,SAR_P3,2,10.7,78.9,8.76,370.1,8.34,948,1.2192,2.8956,
20220511,SAR_P3,2.5,10.7,78.8,8.75,370.6,8.33,950,1.2192,2.8956,
20220511,SAR_P3,3,10.7,78.8,8.75,370.6,8.33,753,1.2192,2.8956,
20220511,SAR_P3,3.5,NA,NA,NA,NA,NA,NA,1.2192,2.8956,
20220524,SAR_P1,0,12,111.1,11.95,376.7,8.37,NA,1.2192,NA,
20220524,SAR_P1,0.5,12.1,111.4,11.97,376.7,8.34,NA,1.2192,NA,
20220524,SAR_P1,1,12.1,111.6,11.98,376.8,8.33,NA,1.2192,NA,
20220524,SAR_P1,1.5,11.7,110.2,11.93,376.6,8.28,NA,1.2192,NA,
20220524,SAR_P1,2,11.5,108.5,11.82,377,8.27,NA,1.2192,NA,
20220524,SAR_P1,2.5,11.4,107.9,11.79,377.1,8.27,NA,1.2192,NA,
20220524,SAR_P1,3,NA,NA,NA,NA,NA,NA,1.2192,NA,
20220524,SAR_P1,3.5,NA,NA,NA,NA,NA,NA,1.2192,NA,
20220524,SAR_P2,0,12.1,110.9,11.94,371.6,8.4,NA,1.0668,NA,
20220524,SAR_P2,0.5,12.1,112.6,12.1,371.5,8.38,NA,1.0668,NA,
20220524,SAR_P2,1,12.1,112.3,12.06,371.7,8.36,NA,1.0668,NA,
20220524,SAR_P2,1.5,12.1,112.3,12.07,371.8,8.35,NA,1.0668,NA,
20220524,SAR_P2,2,12.1,112.6,12.09,371.9,8.34,NA,1.0668,NA,
20220524,SAR_P2,2.5,12.1,112.2,12.04,371.9,8.33,NA,1.0668,NA,
20220524,SAR_P2,3,12.1,111.1,11.94,372.1,8.32,NA,1.0668,NA,
20220524,SAR_P2,3.5,NA,NA,NA,NA,NA,NA,1.0668,NA,
20220524,SAR_P3,0,11.1,106.2,11.66,371.6,8.38,NA,1.3716,NA,
20220524,SAR_P3,0.5,11.1,106.3,11.68,371.4,8.32,NA,1.3716,NA,
20220524,SAR_P3,1,11.1,106.4,11.7,371.4,8.29,NA,1.3716,NA,
20220524,SAR_P3,1.5,11.1,106.4,11.69,371.5,8.29,NA,1.3716,NA,
20220524,SAR_P3,2,11.1,106.1,11.67,371.5,8.28,NA,1.3716,NA,
20220524,SAR_P3,2.5,11.1,106.3,11.7,371.5,8.28,NA,1.3716,NA,
20220524,SAR_P3,3,11.1,106.5,11.71,371.5,8.29,NA,1.3716,NA,
20220524,SAR_P3,3.5,NA,NA,NA,NA,NA,NA,1.3716,NA,
20220608,SAR_P1,0,15.6,108.8,10.82,321.1,7.5,NA,1.8288,2.7432,
20220608,SAR_P1,0.5,15.6,108.5,10.79,320.8,8.09,NA,1.8288,2.7432,
20220608,SAR_P1,1,15.6,108.2,10.76,321,8.17,NA,1.8288,2.7432,
20220608,SAR_P1,1.5,15.5,107,10.67,320.5,8.22,NA,1.8288,2.7432,
20220608,SAR_P1,2,15.2,106.3,10.66,320.2,8.29,NA,1.8288,2.7432,
20220608,SAR_P1,2.5,15.1,105.9,10.64,320,8.33,NA,1.8288,2.7432,
20220608,SAR_P1,3,14.9,104.7,10.58,320.8,8.36,NA,1.8288,2.7432,"Measurement depth like 2.75 m, hit bottom at 2.75 m"
20220608,SAR_P1,3.5,NA,NA,NA,NA,NA,NA,1.8288,2.7432,Hit bottom
20220608,SAR_P2,0,15.7,107.7,10.69,317.6,7.86,NA,1.524,NA,
20220608,SAR_P2,0.5,15.7,107.7,10.69,317.2,8.08,NA,1.524,NA,
20220608,SAR_P2,1,15.6,107,10.64,317.4,8.24,NA,1.524,NA,
20220608,SAR_P2,1.5,15.6,106.6,10.61,317.2,8.33,NA,1.524,NA,
20220608,SAR_P2,2,15.5,106.4,10.6,317.1,8.37,NA,1.524,NA,
20220608,SAR_P2,2.5,15.5,106.2,10.59,317.3,8.39,NA,1.524,NA,
20220608,SAR_P2,3,15.4,106.1,10.59,317.3,8.41,NA,1.524,NA,
20220608,SAR_P2,3.5,NA,NA,NA,NA,NA,NA,1.524,NA,Hit bottom
20220608,SAR_P3,0,15.9,108.5,10.71,317.7,8.22,NA,1.2954,NA,
20220608,SAR_P3,0.5,15.8,108.5,10.73,317.4,8.42,NA,1.2954,NA,
20220608,SAR_P3,1,15.7,106.5,10.59,317.6,8.46,NA,1.2954,NA,
20220608,SAR_P3,1.5,15.6,106.3,10.6,317.3,8.48,NA,1.2954,NA,
20220608,SAR_P3,2,15.5,106.9,10.65,317.1,8.49,NA,1.2954,NA,
20220608,SAR_P3,2.5,15.2,105.2,10.55,317.3,8.49,NA,1.2954,NA,
20220608,SAR_P3,3,15.2,104.7,10.5,317.3,8.49,NA,1.2954,NA,
20220608,SAR_P3,3.5,NA,NA,NA,NA,NA,NA,1.2954,NA,Hit bottom
20220621,SAR_P1,0,18,116,10.97,339.6,8.92,NA,2.1336,2.8956,
20220621,SAR_P1,0.5,17.1,109.6,10.55,340.4,8.85,NA,2.1336,2.8956,
20220621,SAR_P1,1,16.5,105.9,10.32,339.9,8.83,NA,2.1336,2.8956,
20220621,SAR_P1,1.5,16.3,104.8,10.26,339.7,8.82,NA,2.1336,2.8956,
20220621,SAR_P1,2,16.2,104.6,10.26,339.6,8.86,NA,2.1336,2.8956,
20220621,SAR_P1,2.5,16.1,104.1,10.24,339.7,8.81,NA,2.1336,2.8956,
20220621,SAR_P1,3,16,107.3,10.57,339.2,8.81,NA,2.1336,2.8956,
20220621,SAR_P1,3.5,NA,NA,NA,NA,NA,NA,2.1336,2.8956,Hit bottom
20220621,SAR_P2,0,17.8,108.5,10.3,337.8,8.73,NA,1.6764,3.81,
20220621,SAR_P2,0.5,17.8,108.3,10.3,337.7,8.74,NA,1.6764,3.81,
20220621,SAR_P2,1,17.4,108.1,10.34,337.7,8.75,NA,1.6764,3.81,
20220621,SAR_P2,1.5,17,108.1,10.45,336.7,8.77,NA,1.6764,3.81,
20220621,SAR_P2,2,16.8,107.6,10.45,337.1,8.77,NA,1.6764,3.81,
20220621,SAR_P2,2.5,16.6,106.9,10.42,336.8,8.76,NA,1.6764,3.81,
20220621,SAR_P2,3,16.4,106,10.36,336.9,8.74,NA,1.6764,3.81,
20220621,SAR_P2,3.5,NA,NA,NA,NA,NA,NA,1.6764,3.81,
20220621,SAR_P3,0,17.4,109,10.42,337.5,8.7,NA,1.9812,NA,
20220621,SAR_P3,0.5,17.4,108.7,10.41,337.4,8.71,NA,2.9812,NA,
20220621,SAR_P3,1,17.3,108,10.4,337.4,8.71,NA,3.9812,NA,
20220621,SAR_P3,1.5,16.5,105.5,10.3,337.4,8.73,NA,4.9812,NA,
20220621,SAR_P3,2,16.4,105.1,10.3,337.2,8.71,NA,5.9812,NA,
20220621,SAR_P3,2.5,16.3,105.1,10.31,337.2,8.7,NA,6.9812,NA,
20220621,SAR_P3,3,16.1,104.1,10.26,336.8,8.69,NA,7.9812,NA,
20220621,SAR_P3,3.5,NA,NA,NA,NA,NA,NA,8.9812,NA,
20220712,SAR_P1,0,21.2,102.8,9.11,419,8.25,NA,1.2192,2.7432,
20220712,SAR_P1,0.5,21.1,102.6,9.12,419.3,8.26,NA,1.2192,2.7432,
20220712,SAR_P1,1,21,102.4,9.13,418.8,8.26,NA,1.2192,2.7432,
20220712,SAR_P1,1.5,20.9,102,9.1,418.9,8.26,NA,1.2192,2.7432,
20220712,SAR_P1,2,20.7,96.4,8.64,419.2,8.22,NA,1.2192,2.7432,
20220712,SAR_P1,2.5,20.2,99.2,8.97,420.2,8.22,NA,1.2192,2.7432,
20220712,SAR_P1,3,NA,NA,NA,NA,NA,NA,1.2192,2.7432,
20220712,SAR_P1,3.5,NA,NA,NA,NA,NA,NA,1.2192,2.7432,
20220712,SAR_P2,0,20.9,99,8.82,422.8,8.06,NA,1.0668,3.6576,Drited slightly during YSI profile
20220712,SAR_P2,0.5,20.9,98.7,8.82,422.8,8.09,NA,1.0668,3.6576,Drited slightly during YSI profile
20220712,SAR_P2,1,20.8,98.5,8.83,422.9,8.1,NA,1.0668,3.6576,Drited slightly during YSI profile
20220712,SAR_P2,1.5,20.6,98,8.8,422.8,8.11,NA,1.0668,3.6576,Drited slightly during YSI profile
20220712,SAR_P2,2,20.1,86.4,7.82,423.6,8.07,NA,1.0668,3.6576,Drited slightly during YSI profile
20220712,SAR_P2,2.5,19.9,73.3,6.67,424.6,8.01,NA,1.0668,3.6576,Drited slightly during YSI profile
20220712,SAR_P2,3,19.8,67.1,6.12,425.2,7.96,NA,1.0668,3.6576,Drited slightly during YSI profile
20220712,SAR_P2,3.5,NA,NA,NA,NA,NA,NA,1.0668,3.6576,Drited slightly during YSI profile
20220712,SAR_P3,0,20.2,93.1,8.42,423.3,8.09,NA,1.0668,2.7432,
20220712,SAR_P3,0.5,20.2,93,8.41,423.4,8.1,NA,1.0668,2.7432,
20220712,SAR_P3,1,20.1,92.4,8.38,423.3,8.11,NA,1.0668,2.7432,
20220712,SAR_P3,1.5,20,92.4,8.4,423.3,8.11,NA,1.0668,2.7432,
20220712,SAR_P3,2,19.7,91.7,8.37,423.7,8.12,NA,1.0668,2.7432,
20220712,SAR_P3,2.5,19.5,79.6,7.31,424.1,8.06,NA,1.0668,2.7432,Possibly hit bottom during this reading
20220712,SAR_P3,3,NA,NA,NA,NA,NA,NA,1.0668,2.7432,
20220712,SAR_P3,3.5,NA,NA,NA,NA,NA,NA,1.0668,2.7432,
20220728,SAR_P1,0,21.6,96.5,8.49,385.1,8.33,NA,0.9906,2.7432,
20220728,SAR_P1,0.5,21.5,96,8.44,385.8,8.3,NA,0.9906,2.7432,
20220728,SAR_P1,1,21.1,95.8,8.51,385.1,8.29,NA,0.9906,2.7432,
20220728,SAR_P1,1.5,20.7,94.1,8.42,384.7,8.28,NA,0.9906,2.7432,
20220728,SAR_P1,2,20.7,93.2,8.35,384.8,8.25,NA,0.9906,2.7432,
20220728,SAR_P1,2.5,20.2,92,8.21,385.6,8.23,NA,0.9906,2.7432,
20220728,SAR_P1,3,NA,NA,NA,NA,NA,NA,0.9906,2.7432,Hit bottom
20220728,SAR_P1,3.5,NA,NA,NA,NA,NA,NA,0.9906,2.7432,Hit bottom
20220728,SAR_P2,0,21.4,99.2,8.76,393,8.32,NA,0.4572,3.6576,
20220728,SAR_P2,0.5,21.2,98.9,8.77,393.2,8.31,NA,0.4572,3.6576,
20220728,SAR_P2,1,20.8,97.9,8.77,392.9,8.3,NA,0.4572,3.6576,
20220728,SAR_P2,1.5,20.5,94,8.45,392.8,8.26,NA,0.4572,3.6576,
20220728,SAR_P2,2,20.5,93,8.37,393,8.25,NA,0.4572,3.6576,
20220728,SAR_P2,2.5,20.4,90.5,8.14,393.3,8.23,NA,0.4572,3.6576,
20220728,SAR_P2,3,20.4,89.1,8,393.4,8.22,NA,0.4572,3.6576,
20220728,SAR_P2,3.5,20.1,73.8,6.68,394.8,8.13,NA,0.4572,3.6576,Possibly hit bottom
20220728,SAR_P3,0,21,94.5,8.44,395.8,8.34,NA,0.6858,2.5908,
20220728,SAR_P3,0.5,20.8,93,8.35,393.5,8.33,NA,0.6858,2.5908,
20220728,SAR_P3,1,20.4,93,8.38,393,8.32,NA,0.6858,2.5908,
20220728,SAR_P3,1.5,20.3,92.2,8.31,393.1,8.31,NA,0.6858,2.5908,
20220728,SAR_P3,2,20.2,91.5,8.28,392.9,8.29,NA,0.6858,2.5908,
20220728,SAR_P3,2.5,20.2,87.5,7.93,393.2,8.25,NA,0.6858,2.5908,
20220728,SAR_P3,3,20.1,80.6,7.35,392.4,8.18,NA,0.6858,2.5908,
20220728,SAR_P3,3.5,NA,NA,NA,NA,NA,NA,0.6858,2.5908,Hit bottom
20220812,SAR_P1,0,23.1,110.9,9.49,419,8.51,NA,0.762,2.5908,
20220812,SAR_P1,0.5,22.5,110.6,9.56,416.8,8.47,NA,0.762,2.5908,
20220812,SAR_P1,1,22,108.9,9.54,417,8.48,NA,0.762,2.5908,
20220812,SAR_P1,1.5,21.7,108.5,9.54,415.9,8.43,NA,0.762,2.5908,
20220812,SAR_P1,2,21.5,95.8,8.42,416.6,8.36,NA,0.762,2.5908,
20220812,SAR_P1,2.5,21.1,80.6,7.46,418,8.3,NA,0.762,2.5908,
20220812,SAR_P1,3,NA,NA,NA,NA,NA,NA,0.762,2.5908,Hit bottom
20220812,SAR_P1,3.5,NA,NA,NA,NA,NA,NA,0.762,2.5908,Hit bottom
20220812,SAR_P2,0,23.4,105,8.92,430.3,8.37,NA,0.6096,3.5052,
20220812,SAR_P2,0.5,22.9,104.3,8.93,428.4,8.38,NA,0.6096,3.5052,
20220812,SAR_P2,1,21.9,101.4,8.88,429.2,8.41,NA,0.6096,3.5052,
20220812,SAR_P2,1.5,21.4,98.6,8.72,429.1,8.39,NA,0.6096,3.5052,
20220812,SAR_P2,2,21.3,97.2,8.61,428.7,8.35,NA,0.6096,3.5052,
20220812,SAR_P2,2.5,21.2,72.5,6.43,432.2,8.22,NA,0.6096,3.5052,
20220812,SAR_P2,3,21.1,72.2,6.41,432.1,8.2,NA,0.6096,3.5052,
20220812,SAR_P2,3.5,NA,NA,NA,NA,NA,NA,0.6096,3.5052,Hit bottom
20220812,SAR_P3,0,22.2,100,8.7,429.1,8.3,NA,0.6858,2.4384,
20220812,SAR_P3,0.5,22.1,99.6,8.69,429.3,8.32,NA,0.6858,2.4384,
20220812,SAR_P3,1,21.5,98.4,8.67,429,8.33,NA,0.6858,2.4384,
20220812,SAR_P3,1.5,21.2,99.4,8.79,428.5,8.34,NA,0.6858,2.4384,
20220812,SAR_P3,2,21,99.7,8.88,428.9,8.35,NA,0.6858,2.4384,
20220812,SAR_P3,2.5,NA,NA,NA,NA,NA,NA,0.6858,2.4384,Hit bottom
20220812,SAR_P3,3,NA,NA,NA,NA,NA,NA,0.6858,2.4384,Hit bottom
20220812,SAR_P3,3.5,NA,NA,NA,NA,NA,NA,0.6858,2.4384,Hit bottom
20220819,SAR_P1,0,21.2,98.7,8.76,418,8.33,NA,1.0668,2.5908,
20220819,SAR_P1,0.5,21.2,98.5,8.76,417.9,8.34,NA,1.0668,2.5908,
20220819,SAR_P1,1,20.8,98.4,8.77,417.9,8.32,NA,1.0668,2.5908,
20220819,SAR_P1,1.5,20.8,97.7,8.73,417.5,8.3,NA,1.0668,2.5908,
20220819,SAR_P1,2,20.6,97,8.69,417.6,8.29,NA,1.0668,2.5908,
20220819,SAR_P1,2.5,20.6,99.3,8.93,419.6,8.29,NA,1.0668,2.5908,
20220819,SAR_P1,3,NA,NA,NA,NA,NA,NA,1.0668,2.5908,Hit bottom
20220819,SAR_P1,3.5,NA,NA,NA,NA,NA,NA,1.0668,2.5908,Hit bottom
20220819,SAR_P2,0,21.1,96.4,8.55,429.4,8.26,NA,0.6858,3.429,
20220819,SAR_P2,0.5,21.5,98.9,8.73,429.9,8.29,NA,0.6858,3.429,
20220819,SAR_P2,1,20.6,93.3,8.37,429.2,8.27,NA,0.6858,3.429,
20220819,SAR_P2,1.5,20.5,91.9,8.27,429.4,8.25,NA,0.6858,3.429,
20220819,SAR_P2,2,20.3,87.2,7.87,429.6,8.24,NA,0.6858,3.429,
20220819,SAR_P2,2.5,20.2,82.4,7.44,429.9,8.21,NA,0.6858,3.429,
20220819,SAR_P2,3,20.1,72.6,6.57,431,8.15,NA,0.6858,3.429,
20220819,SAR_P2,3.5,NA,NA,NA,NA,NA,NA,0.6858,3.429,Hit bottom
20220819,SAR_P3,0,21.8,101.6,8.91,430.4,8.34,NA,0.6858,2.286,
20220819,SAR_P3,0.5,21.1,98.5,8.76,430.9,8.31,NA,0.6096,2.286,
20220819,SAR_P3,1,20.4,96.8,8.72,429.7,8.3,NA,0.6096,2.286,
20220819,SAR_P3,1.5,20.2,98.5,8.91,429.4,8.3,NA,0.6096,2.286,
20220819,SAR_P3,2,19.9,99.2,9.04,429.2,8.3,NA,0.6096,2.286,
20220819,SAR_P3,2.5,19.8,92.4,8.43,429.5,8.24,NA,0.6096,2.286,Depth = 2.25 m
20220819,SAR_P3,3,NA,NA,NA,NA,NA,NA,0.6096,2.286,Hit bottom
20220819,SAR_P3,3.5,NA,NA,NA,NA,NA,NA,0.6096,2.286,Hit bottom
20220831,SAR_P1,0,22.2,135.1,11.76,421.5,8.48,NA,0.5334,2.5908,
20220831,SAR_P1,0.5,21.5,133.7,11.78,420.8,8.49,NA,0.5334,2.5908,
20220831,SAR_P1,1,18.9,128.9,11.98,418.6,8.55,NA,0.5334,2.5908,
20220831,SAR_P1,1.5,18.3,109.3,10.29,420,8.45,NA,0.5334,2.5908,
20220831,SAR_P1,2,18,81.2,7.69,419.9,8.2,NA,0.5334,2.5908,
20220831,SAR_P1,2.5,NA,NA,NA,NA,NA,NA,0.5334,2.5908,Hit bottom
20220831,SAR_P1,3,NA,NA,NA,NA,NA,NA,0.5334,2.5908,Hit bottom
20220831,SAR_P1,3.5,NA,NA,NA,NA,NA,NA,0.5334,2.5908,Hit bottom
20220831,SAR_P2,0,21.8,114,9.99,431.6,8.49,NA,0.4572,3.5052,
20220831,SAR_P2,0.5,21.8,114.2,10,431.5,8.44,NA,0.4572,3.5052,
20220831,SAR_P2,1,21.7,112.8,9.9,430.8,8.43,NA,0.4572,3.5052,
20220831,SAR_P2,1.5,20.6,108,9.76,432.7,8.41,NA,0.4572,3.5052,
20220831,SAR_P2,2,18.3,102.2,9.61,429.4,8.35,NA,0.4572,3.5052,
20220831,SAR_P2,2.5,18,87.5,8.28,429.9,8.32,NA,0.4572,3.5052,
20220831,SAR_P2,3,17.9,77.6,7.26,431.4,8.27,NA,0.4572,3.5052,
20220831,SAR_P2,3.5,NA,NA,NA,NA,NA,NA,0.4572,3.5052,Hit bottom
20220831,SAR_P3,0,20,114.3,10.4,430.1,8.5,NA,0.6096,2.286,
20220831,SAR_P3,0.5,20,114.7,10.42,430.1,8.45,NA,0.6096,2.286,
20220831,SAR_P3,1,20,114.8,10.44,430,8.43,NA,0.6096,2.286,
20220831,SAR_P3,1.5,19,113.2,10.49,429.9,8.43,NA,0.6096,2.286,
20220831,SAR_P3,2,18,107.4,10.14,428.4,8.42,NA,0.6096,2.286,
20220831,SAR_P3,2.5,NA,NA,NA,NA,NA,NA,0.6096,2.286,Hit bottom
20220831,SAR_P3,3,NA,NA,NA,NA,NA,NA,0.6096,2.286,Hit bottom
20220831,SAR_P3,3.5,NA,NA,NA,NA,NA,NA,0.6096,2.286,Hit bottom
20220621,ALS_P1,0,14.9,92.3,9.23,1372,8.76,NA,2.7432,NA,
20220621,ALS_P1,0.5,15,90.7,9.12,1372,8.85,NA,2.7432,NA,
20220621,ALS_P1,1,15,90.7,9.1,1372,8.86,NA,2.7432,NA,
20220621,ALS_P1,1.5,15,90.2,9.05,1372,8.87,NA,2.7432,NA,
20220621,ALS_P1,2,15,90,9.04,1372,8.88,NA,2.7432,NA,
20220621,ALS_P1,2.5,15,89.8,9.02,1372,8.88,NA,2.7432,NA,
20220621,ALS_P1,3,15,86.3,8.67,1371,8.88,NA,2.7432,NA,
20220621,ALS_P1,3.5,15,81.6,8.19,1371,8.87,NA,2.7432,NA,
20220621,ALS_P1,4,15,75.8,7.57,1370,8.84,NA,2.7432,NA,
20220621,ALS_P1,4.5,15,79.9,8.02,1371,8.85,NA,2.286,NA,
20220621,ALS_P1,5,15.1,65.3,6.58,1371,8.82,NA,2.286,NA,
20220621,ALS_P2,0,15.3,94.5,9.4,1371,8.92,NA,2.286,NA,
20220621,ALS_P2,0.5,15.4,93.7,9.33,1372,8.93,NA,2.286,NA,
20220621,ALS_P2,1,15.4,93.5,9.31,1372,8.94,NA,2.286,NA,
20220621,ALS_P2,1.5,15.4,91.9,9.1,1371,8.94,NA,2.286,NA,
20220621,ALS_P2,2,15.4,86,8.56,1370,8.93,NA,2.286,NA,
20220621,ALS_P2,2.5,15.4,80.8,8.02,1369,8.91,NA,2.286,NA,
20220621,ALS_P2,3,15.3,79,7.87,1369,8.89,NA,2.286,NA,
20220621,ALS_P2,3.5,15.3,80.4,8.02,1369,8.89,NA,2.286,NA,
20220621,ALS_P2,4,15.3,77.4,7.73,1369,8.89,NA,2.286,NA,
20220621,ALS_P2,4.5,15.3,75.6,7.47,1369,8.88,NA,2.286,NA,
20220621,ALS_P2,5,15.3,72.1,7.2,1369,8.87,NA,2.286,NA,
20220621,ALS_P3,0,15.4,85.5,8.51,1371,8.92,NA,2.1336,NA,
20220621,ALS_P3,0.5,15.4,85.8,8.54,1371,8.92,NA,2.1336,NA,
20220621,ALS_P3,1,15.4,86.4,8.6,1371,8.92,NA,2.1336,NA,
20220621,ALS_P3,1.5,15.4,86.7,8.64,1371,8.92,NA,2.1336,NA,
20220621,ALS_P3,2,15.3,86.6,8.63,1370,8.92,NA,2.1336,NA,
20220621,ALS_P3,2.5,15.3,86,8.56,1370,8.92,NA,2.1336,NA,
20220621,ALS_P3,3,15.2,82.4,8.24,1369,8.9,NA,2.1336,NA,
20220621,ALS_P3,3.5,15.2,80.8,8.11,1368,8.89,NA,2.1336,NA,
20220621,ALS_P3,4,15.2,65,6.47,1367,8.79,NA,2.1336,NA,Hit bottom 
20220623,WHE_P1,0,16.3,111.8,10.94,974,8.81,NA,1.3716,4.572,
20220623,WHE_P1,0.5,16.3,111.9,10.95,975,8.79,NA,1.3716,4.572,
20220623,WHE_P1,1,16.3,112.1,10.97,975,8.78,NA,1.3716,4.572,
20220623,WHE_P1,1.5,16.3,111.8,10.94,975,8.77,NA,1.3716,4.572,
20220623,WHE_P1,2,16.2,111.8,10.95,975,8.77,NA,1.3716,4.572,
20220623,WHE_P1,2.5,16,110.3,10.84,975,8.76,NA,1.3716,4.572,
20220623,WHE_P1,3,16,109.7,10.8,975,8.76,NA,1.3716,4.572,
20220623,WHE_P1,3.5,15.4,109.1,10.88,973,8.77,NA,1.3716,4.572,
20220623,WHE_P1,4,15.1,104.5,10.48,974,8.75,NA,1.3716,4.572,
20220623,WHE_P1,4.5,15,102.6,10.32,974,8.74,NA,1.3716,4.572,
20220623,WHE_P1,5,15,100.7,10.14,973,8.72,NA,1.3716,4.572,
20220623,WHE_P2,0,15.8,119,11.76,973,8.81,NA,1.6764,2.77368,
20220623,WHE_P2,0.5,15.8,119.1,11.77,973,8.81,NA,1.6764,2.77368,
20220623,WHE_P2,1,15.8,118.9,11.75,973,8.81,NA,1.6764,2.77368,
20220623,WHE_P2,1.5,15.8,118.9,11.75,973,8.81,NA,1.6764,2.77368,
20220623,WHE_P2,2,15.8,118.9,11.75,973,8.81,NA,1.6764,2.77368,
20220623,WHE_P2,2.5,15.8,119.9,11.86,976,8.82,NA,1.6764,2.77368,
20220623,WHE_P2,3,15.6,120.8,12.01,970,8.83,NA,1.6764,2.77368,
20220623,WHE_P2,3.5,NA,NA,NA,NA,NA,NA,1.6764,2.77368,
20220623,WHE_P3 ,0,15.8,112.1,11.08,971,8.89,NA,1.6764,5.15112,
20220623,WHE_P3 ,0.5,15.8,112.2,11.1,971,8.88,NA,1.6764,5.15112,
20220623,WHE_P3 ,1,15.8,112.2,11.1,971,8.84,NA,1.6764,5.15112,
20220623,WHE_P3 ,1.5,15.8,112.2,11.1,972,8.83,NA,1.6764,5.15112,
20220623,WHE_P3 ,2,15.8,112.2,11.09,971,8.83,NA,1.6764,5.15112,
20220623,WHE_P3 ,2.5,15.8,112,11.08,972,8.82,NA,1.6764,5.15112,
20220623,WHE_P3 ,3,15.8,112.1,11.09,972,8.81,NA,1.6764,5.15112,
20220623,WHE_P3 ,3.5,15.8,112,11.08,972,8.81,NA,1.6764,5.15112,
20220623,WHE_P3 ,4,15.7,111.9,11.08,972,8.8,NA,1.6764,5.15112,
20220623,GRY_P2,0,19.3,120.4,11.09,557,8.8,NA,3.6576,13.92936,
20220623,GRY_P2,0.5,19.3,120.5,11.11,557,8.79,NA,3.6576,13.92936,
20220623,GRY_P2,1,19.3,120.6,11.11,557,8.74,NA,3.6576,13.92936,
20220623,GRY_P2,1.5,19.2,120.6,11.12,557,8.68,NA,3.6576,13.92936,
20220623,GRY_P2,2,19.2,120.6,11.12,557,8.67,NA,3.6576,13.92936,
20220623,GRY_P2,2.5,19.2,120.6,11.11,557,8.67,NA,3.6576,13.92936,
20220623,GRY_P2,3,19.2,120.6,11.12,557,8.66,NA,3.6576,13.92936,
20220623,GRY_P2,3.5,19.2,120.7,11.12,557,8.65,NA,3.6576,13.92936,
20220623,GRY_P2,4,19.2,120.6,11.12,557,8.65,NA,3.6576,13.92936,
20220623,GRY_P2,4.5,19.2,120.7,11.12,557,8.64,NA,3.6576,13.92936,
20220623,GRY_P2,5,19.2,120.6,11.11,557,8.64,NA,3.6576,13.92936,
20220623,GRY_P2,5.5,19.2,120.5,11.11,557,8.64,NA,3.6576,13.92936,
20220623,GRY_P2,6,19.2,120.2,11.09,557,8.63,NA,3.6576,13.92936,
20220623,GRY_P2,6.5,19.2,120.1,11.08,558,8.63,NA,3.6576,13.92936,
20220623,GRY_P2,7,18.3,115.9,10.88,557,8.64,NA,3.6576,13.92936,
20220623,GRY_P2,7.5,18.1,112,10.56,557,8.6,NA,3.6576,13.92936,
20220623,GRY_P2,8,18,108.1,10.23,557,8.57,NA,3.6576,13.92936,
20220623,GRY_P2,8.5,17.7,96.7,9.21,558,8.5,NA,3.6576,13.92936,
20220623,GRY_P2,9,17.6,93.3,8.89,558,8.47,NA,3.6576,13.92936,
20220623,GRY_P2,9.5,17.5,93.1,8.9,558,8.46,NA,3.6576,13.92936,
20220623,GRY_P2,10,17.5,93,8.88,558,8.46,NA,3.6576,13.92936,
20220623,GRY_P2,10.5,17.4,92.2,8.8,558,8.45,NA,3.6576,13.92936,
20220623,GRY_P2,11,17.3,89.5,8.58,557,8.44,NA,3.6576,13.92936,
20220623,GRY_P2,11.5,17.3,88.5,8.49,557,8.43,NA,3.6576,13.92936,
20220623,GRY_P2,12,17.2,87,8.35,557,8.42,NA,3.6576,13.92936,
20220623,GRY_P2,12.5,17.1,85.7,8.25,557,8.4,NA,3.6576,13.92936,
20220623,GRY_P2,13,17.1,85.6,8.23,557,8.4,NA,3.6576,13.92936,
20220623,GRY_P2,13.5,17.1,85.4,8.22,557,8.39,NA,3.6576,13.92936,
20220623,GRY_P2,14,17.1,85,8.18,557,8.39,NA,3.6576,13.92936,
20220623,GRY_P2,14.5,17,80.5,7.76,557,8.37,NA,3.6576,13.92936,
20220623,GRY_P2,15,16.88,66.9,6.47,558,8.3,NA,3.6576,13.92936,
20220623,GRY_P2,15.5,16.7,61.3,5.97,559,8.28,NA,3.6576,13.92936,
20220623,GRY_P1,0,18.9,117.5,10.9,558,8.63,NA,4.672,16.52016,
20220623,GRY_P1,0.5,18.9,117.5,10.9,558,8.63,NA,4.672,16.52016,
20220623,GRY_P1,1,18.9,117.4,10.9,558,8.63,NA,4.672,16.52016,
20220623,GRY_P1,1.5,18.9,117.4,10.9,558,8.63,NA,4.672,16.52016,
20220623,GRY_P1,2,18.9,117.3,10.89,557,8.63,NA,4.672,16.52016,
20220623,GRY_P1,2.5,18.9,117.2,10.89,557,8.63,NA,4.672,16.52016,
20220623,GRY_P1,3,18.9,117.2,10.88,558,8.63,NA,4.672,16.52016,
20220623,GRY_P1,3.5,18.9,117.1,10.88,557,8.63,NA,4.672,16.52016,
20220623,GRY_P1,4,18.9,117,10.87,557,8.63,NA,4.672,16.52016,
20220623,GRY_P1,4.5,18.8,116.8,10.85,558,8.62,NA,4.672,16.52016,
20220623,GRY_P1,5,18.8,116.7,10.84,558,8.62,NA,4.672,16.52016,
20220623,GRY_P1,5.5,18.8,116.4,10.82,558,8.62,NA,4.672,16.52016,
20220623,GRY_P1,6,18.7,115.5,10.76,557,8.62,NA,4.672,16.52016,
20220623,GRY_P1,6.5,18.5,114.3,10.69,558,8.61,NA,4.672,16.52016,
20220623,GRY_P1,7,18.1,111.2,10.49,557,8.59,NA,4.672,16.52016,
20220623,GRY_P1,7.5,17.9,108.9,10.31,551,8.58,NA,4.672,16.52016,
20220623,GRY_P1,8,17.8,105.4,10.01,557,8.56,NA,4.672,16.52016,
20220623,GRY_P1,8.5,17.7,104.3,9.92,557,8.55,NA,4.672,16.52016,
20220623,GRY_P1,9,17.6,101.6,9.68,557,8.54,NA,4.672,16.52016,
20220623,GRY_P1,9.5,17.4,96,9.18,557,8.51,NA,4.672,16.52016,
20220623,GRY_P1,10,17.3,91.4,8.76,557,8.48,NA,4.672,16.52016,
20220623,GRY_P1,10.5,17.2,89.8,8.63,557,8.46,NA,4.672,16.52016,
20220623,GRY_P1,11,17.2,89.5,8.59,557,8.46,NA,4.672,16.52016,
20220623,GRY_P1,11.5,17.2,89.2,8.57,557,8.45,NA,4.672,16.52016,
20220623,GRY_P1,12,17.2,89.1,8.55,557,8.45,NA,4.672,16.52016,
20220623,GRY_P1,12.5,17.1,87.3,8.4,557,8.44,NA,4.672,16.52016,
20220623,GRY_P1,13,17.7,86.3,8.3,557,8.42,NA,4.672,16.52016,
20220623,GRY_P1,13.5,17.1,86.1,8.29,557,8.42,NA,4.672,16.52016,
20220623,GRY_P1,14,17.1,86,8.28,557,8.42,NA,4.672,16.52016,
20220623,GRY_P1,14.5,16.9,76.3,7.37,557,8.36,NA,4.672,16.52016,
20220623,GRY_P1,15,16.9,75,7.26,557,8.35,NA,4.672,16.52016,
20220623,GRY_P1,15.5,16.9,74.3,7.18,557,8.34,NA,4.672,16.52016,
20220623,GRY_P3,0,19.3,120.8,11.13,558,8.7,NA,2.8956,10.14984,
20220623,GRY_P3,0.5,19.3,120.8,11.14,558,8.75,NA,2.8956,10.14984,
20220623,GRY_P3,1,19.2,120.9,11.14,558,8.72,NA,2.8956,10.14984,
20220623,GRY_P3,1.5,19.2,120.9,11.15,558,8.7,NA,2.8956,10.14984,
20220623,GRY_P3,2,19.2,120.9,11.16,558,8.68,NA,2.8956,10.14984,
20220623,GRY_P3,2.5,19.2,120.9,11.15,558,8.67,NA,2.8956,10.14984,
20220623,GRY_P3,3,19.2,120.8,11.15,558,8.66,NA,2.8956,10.14984,
20220623,GRY_P3,3.5,19.1,121.1,11.2,558,8.66,NA,2.8956,10.14984,
20220623,GRY_P3,4,19.1,121.6,11.25,558,8.66,NA,2.8956,10.14984,
20220623,GRY_P3,4.5,19.1,121.7,11.26,558,8.65,NA,2.8956,10.14984,
20220623,GRY_P3,5,19,121.3,11.24,558,8.65,NA,2.8956,10.14984,
20220623,GRY_P3,5.5,18.8,119.8,11.16,558,8.65,NA,2.8956,10.14984,
20220623,GRY_P3,6,18.5,116.9,10.94,558,8.63,NA,2.8956,10.14984,
20220623,GRY_P3,6.5,18.4,115.2,10.8,558,8.62,NA,2.8956,10.14984,
20220623,GRY_P3,7,18.2,110.8,10.65,558,8.59,NA,2.8956,10.14984,
20220623,GRY_P3,7.5,18.2,105.3,9.95,558,8.57,NA,2.8956,10.14984,
20220623,GRY_P3,8,17.9,102.6,9.73,558,8.55,NA,2.8956,10.14984,
20220623,GRY_P3,8.5,18,104.3,9.86,558,8.55,NA,2.8956,10.14984,
20220623,GRY_P3,9,17.9,101.8,9.66,558,8.54,NA,2.8956,10.14984,
20220623,GRY_P3,9.5,17.5,87.9,8.41,559,8.46,NA,2.8956,10.14984,
20220623,GRY_P3,10,17.4,84.3,8.06,559,8.43,NA,2.8956,10.14984,
20220701,GRN_P1,0,15.8,101.9,10.09,136.9,6.08,NA,2.7432,19.84248,
20220701,GRN_P1,0.5,15.8,101.8,10.08,136.7,6.22,NA,2.7432,19.84248,
20220701,GRN_P1,1,15.8,101.6,10.06,136.7,6.32,NA,2.7432,19.84248,
20220701,GRN_P1,1.5,15.8,101.4,10.04,136.6,6.43,NA,2.7432,19.84248,
20220701,GRN_P1,2,15.8,101,10.01,136.5,6.51,NA,2.7432,19.84248,
20220701,GRN_P1,2.5,15.8,101.7,10.07,136.7,6.73,NA,2.7432,19.84248,re-positioned the YSI
20220701,GRN_P1,3,15.8,101.3,10.03,136.7,6.76,NA,2.7432,19.84248,
20220701,GRN_P1,3.5,15.8,101.1,10.02,136.7,6.85,NA,2.7432,19.84248,
20220701,GRN_P1,4,15.8,101.1,10.01,136.3,7.09,NA,2.7432,19.84248,
20220701,GRN_P1,4.5,15.8,102.1,10.02,136.8,7.32,NA,2.7432,19.84248,
20220701,GRN_P1,5,15.8,101.1,10.02,136.8,7.33,NA,2.7432,19.84248,
20220701,GRN_P1,5.5,15.8,100.8,9.98,136.6,7.35,NA,2.7432,19.84248,
20220701,GRN_P1,6,15.8,100.4,9.95,136.7,7.35,NA,2.7432,19.84248,
20220701,GRN_P1,6.5,15.7,98.7,9.74,136.3,7.36,NA,2.7432,19.84248,
20220701,GRN_P1,7,15.7,97.5,9.68,136.3,7.35,NA,2.7432,19.84248,
20220701,GRN_P1,7.5,15.7,97.5,9.69,136.2,7.35,NA,2.7432,19.84248,
20220701,GRN_P1,8,15.7,97.9,9.72,135.4,7.35,NA,2.7432,19.84248,
20220701,GRN_P1,8.5,15.6,97.8,9.72,135.2,7.35,NA,2.7432,19.84248,
20220701,GRN_P1,9,15.6,97.2,9.67,134.9,7.34,NA,2.7432,19.84248,
20220701,GRN_P1,9.5,15.4,90.6,9.07,134.6,7.3,NA,2.7432,19.84248,
20220701,GRN_P1,10,15,81.6,8.23,135.2,7.23,NA,2.7432,19.84248,
20220701,GRN_P2,0,16,103.5,10.22,137.8,7.62,NA,3.048,14.20368,
20220701,GRN_P2,0.5,16,103.5,10.22,137.8,7.64,NA,3.048,14.20368,
20220701,GRN_P2,1,15.9,103.4,10.21,137.8,7.65,NA,3.048,14.20368,
20220701,GRN_P2,1.5,15.9,103.4,10.21,137.8,7.65,NA,3.048,14.20368,
20220701,GRN_P2,2,15.9,103.1,10.18,137.8,7.66,NA,3.048,14.20368,
20220701,GRN_P2,2.5,15.9,102.8,10.16,137.8,7.66,NA,3.048,14.20368,
20220701,GRN_P2,3,15.9,102.7,10.16,137.8,7.66,NA,3.048,14.20368,
20220701,GRN_P2,3.5,15.9,102.7,10.16,137.8,7.66,NA,3.048,14.20368,
20220701,GRN_P2,4,15.9,102.7,10.15,137.8,7.66,NA,3.048,14.20368,
20220701,GRN_P2,4.5,15.9,102.5,10.14,137.7,7.66,NA,3.048,14.20368,
20220701,GRN_P2,5,15.9,102.5,10.14,137.7,7.65,NA,3.048,14.20368,
20220701,GRN_P2,5.5,15.9,102.4,10.13,137.7,7.65,NA,3.048,14.20368,
20220701,GRN_P2,6,15.9,102.2,10.12,137.7,7.65,NA,3.048,14.20368,
20220701,GRN_P2,6.5,15.9,102.2,10.11,137.7,7.65,NA,3.048,14.20368,
20220701,GRN_P2,7,15.8,102,10.09,137.7,7.65,NA,3.048,14.20368,
20220701,GRN_P2,7.5,15.7,98.5,9.79,137.3,7.6,NA,3.048,14.20368,
20220701,GRN_P2,8,15.7,97.5,9.7,137.2,7.65,NA,3.048,14.20368,
20220701,GRN_P2,8.5,15.7,69.8,9.63,137.1,7.53,NA,3.048,14.20368,
20220701,GRN_P2,9,15.6,94.9,9.44,137.2,7.51,NA,3.048,14.20368,
20220701,GRN_P2,9.5,15.4,92.7,9.26,136,7.48,NA,3.048,14.20368,
20220701,GRN_P2,10,15.3,89.1,8.93,134.8,7.41,NA,3.048,14.20368,
20220701,GRN_P3,0,16.2,105.4,10.35,138.5,7.65,NA,2.7432,19.84248,
20220701,GRN_P3,0.5,16.2,105.5,10.35,138.5,7.69,NA,2.7432,19.84248,
20220701,GRN_P3,1,16.2,105.3,10.36,138.5,7.71,NA,2.7432,19.84248,
20220701,GRN_P3,1.5,16.1,105.3,10.35,138.4,7.73,NA,2.7432,19.84248,
20220701,GRN_P3,2,16.1,105.1,10.34,138.4,7.74,NA,2.7432,19.84248,
20220701,GRN_P3,2.5,16.1,104.6,10.3,138.4,7.74,NA,2.7432,19.84248,
20220701,GRN_P3,3,16.1,104.2,10.26,138.4,7.75,NA,2.7432,19.84248,
20220701,GRN_P3,3.5,16.1,103.5,10.19,138.4,7.74,NA,2.7432,19.84248,
20220701,GRN_P3,4,16,103,10.14,138.3,7.72,NA,2.7432,19.84248,
20220701,GRN_P3,4.5,16,101.9,10.05,138.4,7.76,NA,2.7432,19.84248,
20220701,GRN_P3,5,16,102.1,10.07,138.4,7.76,NA,2.7432,19.84248,
20220701,GRN_P3,5.5,16,101.6,10.04,138.6,7.74,NA,2.7432,19.84248,
20220701,GRN_P3,6,15.8,99.5,9.86,138.5,7.7,NA,2.7432,19.84248,
20220701,GRN_P3,6.5,15.9,99.8,9.88,138.5,7.67,NA,2.7432,19.84248,
20220701,GRN_P3,7,15.8,99.9,9.89,138.4,7.67,NA,2.7432,19.84248,
20220701,GRN_P3,7.5,15.6,95.5,9.49,137.3,7.65,NA,2.7432,19.84248,
20220701,GRN_P3,8,15.4,91.8,9.17,136.4,7.53,NA,2.7432,19.84248,
20220701,GRN_P3,8.5,15.3,89.5,8.96,136.8,7.46,NA,2.7432,19.84248,
20220701,GRN_P3,9,15.3,88.6,8.88,136.7,7.42,NA,2.7432,19.84248,
20220701,GRN_P3,9.5,15.2,87.1,8.75,137,7.36,NA,2.7432,19.84248,
20220701,GRN_P3,10,15.1,83.6,8.42,137.5,7.3,NA,2.7432,19.84248,
20220715,ALS_P1,0,19.5,98.5,9,1671,8.66,NA,2.7432,2.7432,
20220715,ALS_P1,0.5,19.5,98.4,8.99,1671,8.6,NA,2.7432,2.7432,
20220715,ALS_P1,1,19.5,98.3,8.97,1671,8.66,NA,2.7432,2.7432,
20220715,ALS_P1,1.5,19.5,98.1,8.96,1671,8.66,NA,2.7432,2.7432,
20220715,ALS_P1,2,19.5,97,8.87,1672,8.66,NA,2.7432,2.7432,
20220715,ALS_P1,2.5,19.5,94.8,8.65,1671,8.65,NA,2.7432,2.7432,
20220715,ALS_P1,3,19.5,83.1,7.59,1671,8.6,NA,2.7432,2.7432,Hit bottom 
20220715,ALS_P1,3.5,NA,NA,NA,NA,NA,NA,2.7432,2.7432,
20220715,ALS_P2,0,20,104.1,9.43,1671,8.68,NA,4.4196,5.4864,
20220715,ALS_P2,0.5,20,104.1,9.42,1671,8.68,NA,4.4196,5.4864,
20220715,ALS_P2,1,20,103.8,9.39,1670,8.68,NA,4.4196,5.4864,
20220715,ALS_P2,1.5,20,103.9,9.41,1670,8.68,NA,4.4196,5.4864,
20220715,ALS_P2,2,20,104.3,9.45,1670,8.68,NA,4.4196,5.4864,
20220715,ALS_P2,2.5,20,104.4,9.45,1670,8.68,NA,4.4196,5.4864,
20220715,ALS_P2,3,20,104.3,9.44,1670,8.68,NA,4.4196,5.4864,
20220715,ALS_P2,3.5,20,103.2,9.34,1671,8.68,NA,4.4196,5.4864,
20220715,ALS_P2,4,20,102.2,9.25,1671,8.68,NA,4.4196,5.4864,
20220715,ALS_P2,4.5,19.8,68.7,6.25,1674,8.58,NA,4.4196,5.4864,Hit bottom 
20220715,ALS_P3,0,19.9,101.5,9.19,1669,8.67,NA,3.048,NA,
20220715,ALS_P3,0.5,19.9,101.4,9.19,1669,8.67,NA,3.048,NA,
20220715,ALS_P3,1,19.9,101.5,9.2,1668,8.67,NA,3.048,NA,
20220715,ALS_P3,1.5,19.9,101.2,9.17,1669,8.67,NA,3.048,NA,
20220715,ALS_P3,2,19.9,101.1,9.16,1669,8.67,NA,3.048,NA,
20220715,ALS_P3,2.5,19.9,95.4,8.65,1670,8.66,NA,3.048,NA,Hit bottom
20220715,ALS_P3,3,NA,NA,NA,NA,NA,NA,3.048,NA,
20220715,ALS_P3,3.5,NA,NA,NA,NA,NA,NA,3.048,NA,
20220725,GRN_P1,0,19,100.3,9.31,109.4,7.83,NA,1.9812,NA,
20220725,GRN_P1,0.5,19,100.2,9.3,109.4,7.91,NA,1.9812,NA,
20220725,GRN_P1,1,19,100.3,9.31,109.5,7.96,NA,1.9812,NA,
20220725,GRN_P1,1.5,19,100.2,9.3,109.5,7.97,NA,1.9812,NA,
20220725,GRN_P1,2,19,100.2,9.29,109.5,7.97,NA,1.9812,NA,
20220725,GRN_P1,2.5,19,100.1,9.28,109.4,7.96,NA,1.9812,NA,
20220725,GRN_P1,3,19,99.1,9.2,109.5,7.96,NA,1.9812,NA,
20220725,GRN_P1,3.5,19,99,9.2,109.5,7.96,NA,1.9812,NA,
20220725,GRN_P1,4,18.9,99,9.19,109.5,7.95,NA,1.9812,NA,
20220725,GRN_P1,4.5,18.9,98.6,9.16,109.5,7.95,NA,1.9812,NA,
20220725,GRN_P1,5,18.9,98.5,9.14,109.5,7.94,NA,1.9812,NA,
20220725,GRN_P1,5.5,18.9,97.2,9.03,109.6,7.93,NA,1.9812,NA,
20220725,GRN_P1,6,18.8,90.1,8.41,109.8,7.91,NA,1.9812,NA,
20220725,GRN_P1,6.5,18.8,88.2,8.24,110,7.89,NA,1.9812,NA,
20220725,GRN_P1,7,18.5,83,7.78,110.3,7.84,NA,1.9812,NA,
20220725,GRN_P1,7.5,18.4,77.8,7.21,110.5,7.81,NA,1.9812,NA,
20220725,GRN_P1,8,18.4,79.8,7.49,110.4,7.75,NA,1.9812,NA,
20220725,GRN_P1,8.5,18.4,74.3,6.81,110.7,7.69,NA,1.9812,NA,
20220725,GRN_P1,9,18.1,62.1,5.91,111.5,7.66,NA,1.9812,NA,
20220725,GRN_P1,9.5,18.1,58.5,5.91,111.9,7.62,NA,1.9812,NA,
20220725,GRN_P1,10,17.9,50.6,4.8,113.1,7.55,NA,1.9812,NA,
20220725,GRN_P2,0,19,100.9,9.35,109.7,7.63,NA,2.286,NA,YSI @ ANGLE 
20220725,GRN_P2,0.5,19,100.6,9.32,109.7,7.74,NA,2.286,NA,YSI @ ANGLE 
20220725,GRN_P2,1,19,100.3,9.31,109.7,7.83,NA,2.286,NA,YSI @ ANGLE 
20220725,GRN_P2,1.5,19,100.5,9.33,109.7,7.88,NA,2.286,NA,YSI @ ANGLE 
20220725,GRN_P2,2,19,100.6,9.33,109.7,7.91,NA,2.286,NA,YSI @ ANGLE 
20220725,GRN_P2,2.5,19,100.6,9.34,109.7,7.94,NA,2.286,NA,YSI @ ANGLE 
20220725,GRN_P2,3,19,100.6,9.33,109.7,7.95,NA,2.286,NA,YSI @ ANGLE 
20220725,GRN_P2,3.5,19,100.5,9.33,109.7,7.95,NA,2.286,NA,YSI @ ANGLE 
20220725,GRN_P2,4,19,100.6,9.33,109.7,7.96,NA,2.286,NA,YSI @ ANGLE 
20220725,GRN_P2,4.5,19,100.6,9.34,109.7,7.97,NA,2.286,NA,YSI @ ANGLE 
20220725,GRN_P2,5,19,100.6,9.34,109.8,7.97,NA,2.286,NA,YSI @ ANGLE 
20220725,GRN_P2,5.5,19,100.7,9.34,109.7,7.97,NA,2.286,NA,YSI @ ANGLE 
20220725,GRN_P2,6,19,100.6,9.34,109.7,7.97,NA,2.286,NA,YSI @ ANGLE 
20220725,GRN_P2,6.5,19,100.7,9.35,109.8,7.98,NA,2.286,NA,YSI @ ANGLE 
20220725,GRN_P2,7,18.9,100.7,9.35,109.8,7.98,NA,2.286,NA,YSI @ ANGLE 
20220725,GRN_P2,7.5,18.9,100.8,9.36,109.8,7.98,NA,2.286,NA,YSI @ ANGLE 
20220725,GRN_P2,8,18.9,100.7,9.36,109.8,7.99,NA,2.286,NA,YSI @ ANGLE 
20220725,GRN_P2,8.5,18.9,100.7,9.36,109.7,7.99,NA,2.286,NA,YSI @ ANGLE 
20220725,GRN_P2,9,18.9,100.5,9.35,109.7,7.99,NA,2.286,NA,YSI @ ANGLE 
20220725,GRN_P2,9.5,18.9,100.5,9.34,109.8,7.99,NA,2.286,NA,YSI @ ANGLE 
20220725,GRN_P2,10,18.9,100.3,9.32,109.8,7.99,NA,2.286,NA,YSI @ ANGLE 
20220725,GRN_P3,0,19.1,100.3,9.28,110.3,6.87,NA,2.5908,NA,
20220725,GRN_P3,0.5,19.1,100.1,9.27,110.3,6.91,NA,2.5908,NA,
20220725,GRN_P3,1,19.1,100.1,9.26,110.2,6.95,NA,2.5908,NA,
20220725,GRN_P3,1.5,19.1,99.8,9.24,110.2,7.03,NA,2.5908,NA,
20220725,GRN_P3,2,19.1,99.6,9.23,110.2,7.08,NA,2.5908,NA,
20220725,GRN_P3,2.5,19.1,99.6,9.22,110.1,7.18,NA,2.5908,NA,
20220725,GRN_P3,3,19.1,99.6,9.22,110.1,7.34,NA,2.5908,NA,
20220725,GRN_P3,3.5,19.1,99.5,9.21,110.2,7.46,NA,2.5908,NA,
20220725,GRN_P3,4,19.1,99.2,9.19,110.2,7.49,NA,2.5908,NA,
20220725,GRN_P3,4.5,19.1,99.2,9.19,110.2,7.52,NA,2.5908,NA,
20220725,GRN_P3,5,19.1,99.1,9.18,110.2,7.55,NA,2.5908,NA,
20220725,GRN_P3,5.5,19.1,99.2,9.19,110.2,7.58,NA,2.5908,NA,
20220725,GRN_P3,6,19,99.1,9.18,110.2,7.61,NA,2.5908,NA,
20220725,GRN_P3,6.5,19,99.1,9.18,110.2,7.63,NA,2.5908,NA,
20220725,GRN_P3,7,19,99.1,9.18,110.2,7.64,NA,2.5908,NA,
20220725,GRN_P3,7.5,19,98.9,9.16,110.2,7.65,NA,2.5908,NA,
20220725,GRN_P3,8,19,98.9,9.16,110.2,7.66,NA,2.5908,NA,
20220725,GRN_P3,8.5,19,98.8,9.16,110.3,7.67,NA,2.5908,NA,
20220725,GRN_P3,9,19,98.7,9.14,110.3,7.68,NA,2.5908,NA,
20220725,GRN_P3,9.5,19,98.5,9.13,110.4,7.69,NA,2.5908,NA,
20220725,GRN_P3,10,18.9,97.6,9.1,110.4,7.7,NA,2.5908,NA,
20220726,WHE_P1,0,19.3,96.5,8.86,1088,8.4,NA,0.8382,NA,
20220726,WHE_P1,0.5,19.3,95.9,8.82,1088,8.5,NA,0.8382,NA,
20220726,WHE_P1,1,19.3,95.7,8.8,1088,8.52,NA,0.8382,NA,
20220726,WHE_P1,1.5,19.3,95.6,8.79,1088,8.52,NA,0.8382,NA,
20220726,WHE_P1,2,19.3,95.4,8.78,1088,8.52,NA,0.8382,NA,
20220726,WHE_P1,2.5,19.2,95.2,8.76,1088,8.52,NA,0.8382,NA,
20220726,WHE_P1,3,19.2,95.1,8.75,1088,8.53,NA,0.8382,NA,
20220726,WHE_P1,3.5,19.2,95.2,8.76,1088,8.53,NA,0.8382,NA,
20220726,WHE_P1,4,19.2,95.2,8.76,1088,8.53,NA,0.8382,NA,
20220726,WHE_P1,4.5,19.2,95,8.74,1088,8.53,NA,0.8382,NA,
20220726,WHE_P1,5,19.2,94.8,8.73,1088,8.53,NA,0.8382,NA,
20220726,WHE_P2,0,18.9,100.9,9.32,1088,8.5,NA,2.7432,NA,
20220726,WHE_P2,0.5,19,100.9,9.33,1088,8.5,NA,2.7432,NA,
20220726,WHE_P2,1,19,100.9,9.33,1088,8.5,NA,2.7432,NA,
20220726,WHE_P2,1.5,19,101.1,9.33,1088,8.49,NA,2.7432,NA,
20220726,WHE_P2,2,19,101.5,9.39,1088,8.48,NA,2.7432,NA,
20220726,WHE_P2,2.5,19,102.5,9.54,1088,8.48,NA,2.7432,NA,
20220726,WHE_P2,3,19,103.5,9.59,1088,8.48,NA,2.7432,NA,Hit bottom 
20220726,WHE_P2,3.5,NA,NA,NA,NA,NA,NA,2.7432,NA,
20220726,WHE_P3 ,0,18.9,107.6,9.92,1079,8.76,NA,1.0668,NA,
20220726,WHE_P3 ,0.5,19,106.2,9.82,1080,8.8,NA,1.0668,NA,
20220726,WHE_P3 ,1,18.9,106.1,9.82,1080,8.82,NA,1.0668,NA,
20220726,WHE_P3 ,1.5,19,106.1,9.83,1080,8.82,NA,1.0668,NA,
20220726,WHE_P3 ,2,19,106.3,9.83,1080,8.82,NA,1.0668,NA,
20220726,WHE_P3 ,2.5,19,106,9.81,1080,8.82,NA,1.0668,NA,
20220726,WHE_P3 ,3,18.9,105.9,9.89,1080,8.82,NA,1.0668,NA,
20220726,WHE_P3 ,3.5,18.8,106.4,9.88,1080,8.82,NA,1.0668,NA,Hit bottom 
20220726,GRY_P1,0,23.2,123.8,10.62,604,8.6,NA,2.4384,16.4592,
20220726,GRY_P1,0.5,23,124.3,10.66,604,8.55,NA,2.4384,16.4592,
20220726,GRY_P1,1,23,124.5,10.67,604,8.51,NA,2.4384,16.4592,
20220726,GRY_P1,1.5,22.9,123.9,10.62,604,8.47,NA,2.4384,16.4592,
20220726,GRY_P1,2,22.9,124.4,10.66,604,8.45,NA,2.4384,16.4592,
20220726,GRY_P1,2.5,22.9,124,10.54,604,8.43,NA,2.4384,16.4592,
20220726,GRY_P1,3,22.9,123,10.56,604,8.43,NA,2.4384,16.4592,
20220726,GRY_P1,3.5,22.8,121.7,10.47,604,8.42,NA,2.4384,16.4592,
20220726,GRY_P1,4,22.8,120.4,10.37,604,8.42,NA,2.4384,16.4592,
20220726,GRY_P1,4.5,22.8,119.4,10.27,605,8.41,NA,2.4384,16.4592,
20220726,GRY_P1,5,22.7,112.7,9.71,605,8.38,NA,2.4384,16.4592,
20220726,GRY_P1,5.5,22.6,111.8,9.64,605,8.38,NA,2.4384,16.4592,
20220726,GRY_P1,6,22.5,111.1,9.66,605,8.38,NA,2.4384,16.4592,
20220726,GRY_P1,6.5,22.5,111.9,9.62,605,8.38,NA,2.4384,16.4592,
20220726,GRY_P1,7,22.5,108.5,9.38,605,8.39,NA,2.4384,16.4592,
20220726,GRY_P1,7.5,22.4,107.6,9.3,605,8.37,NA,2.4384,16.4592,
20220726,GRY_P1,8,22.4,107.6,9.34,605,8.37,NA,2.4384,16.4592,
20220726,GRY_P1,8.5,22.4,109,9.42,605,8.39,NA,2.4384,16.4592,
20220726,GRY_P1,9,22.4,107,9.31,605,8.37,NA,2.4384,16.4592,
20220726,GRY_P1,9.5,22.3,104,9.06,605,8.35,NA,2.4384,16.4592,
20220726,GRY_P1,10,21.2,102.8,9,605,8.29,NA,2.4384,16.4592,
20220726,GRY_P2,0,23.1,126,10.77,604,8.5,NA,2.5908,13.68552,
20220726,GRY_P2,0.5,23.1,126.2,10.78,604,8.5,NA,2.5908,13.68552,
20220726,GRY_P2,1,23.1,125.9,10.76,604,8.5,NA,2.5908,13.68552,
20220726,GRY_P2,1.5,23.1,125.6,10.71,604,8.52,NA,2.5908,13.68552,
20220726,GRY_P2,2,23.1,125.1,10.69,604,8.51,NA,2.5908,13.68552,
20220726,GRY_P2,2.5,23.1,125.3,10.71,604,8.5,NA,2.5908,13.68552,
20220726,GRY_P2,3,23.1,124.7,10.66,604,8.5,NA,2.5908,13.68552,
20220726,GRY_P2,3.5,23.1,124.5,10.64,604,8.49,NA,2.5908,13.68552,
20220726,GRY_P2,4,23.1,124.4,10.63,604,8.48,NA,2.5908,13.68552,
20220726,GRY_P2,4.5,23.1,124.3,10.61,604,8.47,NA,2.5908,13.68552,
20220726,GRY_P2,5,23,122.1,10.49,604,8.46,NA,2.5908,13.68552,
20220726,GRY_P2,5.5,23,120.8,10.39,604,8.45,NA,2.5908,13.68552,
20220726,GRY_P2,6,22.8,115.2,9.94,604,8.42,NA,2.5908,13.68552,
20220726,GRY_P2,6.5,22.9,117.8,10.13,604,8.42,NA,2.5908,13.68552,
20220726,GRY_P2,7,22.9,113,9.71,605,8.41,NA,2.5908,13.68552,
20220726,GRY_P2,7.5,22.8,112.4,9.62,605,8.38,NA,2.5908,13.68552,
20220726,GRY_P2,8,22.7,111.1,9.57,604,8.37,NA,2.5908,13.68552,
20220726,GRY_P2,8.5,22.6,105.8,9.13,605,8.36,NA,2.5908,13.68552,
20220726,GRY_P2,9,22.3,85.3,7.86,607,8.3,NA,2.5908,13.68552,
20220726,GRY_P2,9.5,22.3,60.9,5.67,608,8.2,NA,2.5908,13.68552,
20220726,GRY_P2,10,21.9,25.2,3.5,609,8.08,NA,2.5908,13.68552,
20220726,GRY_P3,0,23.5,128.7,10.69,604,8.48,NA,2.5146,10.63752,
20220726,GRY_P3,0.5,23.5,126,10.68,604,8.48,NA,2.5146,10.63752,
20220726,GRY_P3,1,23.5,126,10.68,604,8.48,NA,2.5146,10.63752,
20220726,GRY_P3,1.5,23.5,125.9,10.68,604,8.47,NA,2.5146,10.63752,
20220726,GRY_P3,2,23.5,126,10.68,604,8.47,NA,2.5146,10.63752,
20220726,GRY_P3,2.5,23.5,125.9,10.67,604,8.47,NA,2.5146,10.63752,
20220726,GRY_P3,3,23.5,125.4,10.63,604,8.47,NA,2.5146,10.63752,
20220726,GRY_P3,3.5,23.5,124.8,10.59,604,8.47,NA,2.5146,10.63752,
20220726,GRY_P3,4,23.5,124.8,10.57,604,8.46,NA,2.5146,10.63752,
20220726,GRY_P3,4.5,23.5,124.3,10.56,605,8.46,NA,2.5146,10.63752,
20220726,GRY_P3,5,23.5,123.5,10.48,604,8.45,NA,2.5146,10.63752,
20220726,GRY_P3,5.5,23.4,123.4,10.46,604,8.44,NA,2.5146,10.63752,
20220726,GRY_P3,6,23.4,123.9,10.5,604,8.44,NA,2.5146,10.63752,
20220726,GRY_P3,6.5,23.4,123.4,10.48,604,8.44,NA,2.5146,10.63752,
20220726,GRY_P3,7,23.3,119.8,10.24,604,8.43,NA,2.5146,10.63752,
20220726,GRY_P3,7.5,23.2,113.7,9.67,605,8.4,NA,2.5146,10.63752,
20220727,ALS_P2,0,20.2,96.5,8.71,1498,8.85,NA,4.672,4.4196,
20220727,ALS_P2,0.5,20.1,96.2,8.68,1498,8.85,NA,4.672,4.4196,
20220727,ALS_P2,1,20.1,96,8.66,1498,8.85,NA,4.672,4.4196,
20220727,ALS_P2,1.5,20,93.5,8.47,1498,8.85,NA,4.672,4.4196,
20220727,ALS_P2,2,19.9,95,8.62,1498,8.85,NA,4.672,4.4196,
20220727,ALS_P2,2.5,19.9,95.4,8.67,1498,8.85,NA,4.672,4.4196,
20220727,ALS_P2,3,19.7,88.3,8.06,1498,8.83,NA,4.672,4.4196,
20220727,ALS_P2,3.5,19.3,84.5,7.73,1499,8.82,NA,4.672,4.4196,
20220727,ALS_P2,4,19.1,77,7.08,1498,8.8,NA,4.672,4.4196,hit bottom 
20220727,ALS_P1,0,20,97.1,8.79,1501,8.87,NA,2.286,2.286,
20220727,ALS_P1,0.5,20,69.8,8.77,1500,8.85,NA,2.286,2.286,
20220727,ALS_P1,1,20,97.3,8.83,1500,8.84,NA,2.286,2.286,
20220727,ALS_P1,1.5,19.9,98.8,9.05,1499,8.85,NA,2.286,2.286,
20220727,ALS_P1,2,19.2,100.2,9.19,1502,8.86,NA,2.286,2.286,
20220727,ALS_P1,2.5,NA,NA,NA,NA,NA,NA,2.286,2.286,Hit bottom 
20220727,ALS_P1,3,NA,NA,NA,NA,NA,NA,2.286,2.286,
20220727,ALS_P1,3.5,NA,NA,NA,NA,NA,NA,2.286,2.286,
20220727,ALS_P3,0,20.2,91.5,8.25,1498,8.85,NA,2.8956,2.8956,
20220727,ALS_P3,0.5,20.2,91.8,8.28,1499,8.85,NA,2.8956,2.8956,
20220727,ALS_P3,1,20.2,91.7,8.27,1498,8.85,NA,2.8956,2.8956,
20220727,ALS_P3,1.5,20.2,92.8,8.39,1498,8.85,NA,2.8956,2.8956,
20220727,ALS_P3,2,20.2,96.3,8.68,1498,8.85,NA,2.8956,2.8956,
20220727,ALS_P3,2.5,20.1,100.2,9.38,1497,8.86,NA,2.8956,2.8956,
20220727,ALS_P3,3,20,104.9,9.58,1497,8.87,NA,2.8956,2.8956,
20220727,ALS_P3,3.5,NA,NA,NA,NA,NA,NA,2.8956,2.8956,"Hit bottom, very well mixed (increase in DO near bottom likely due to aqautic veg) "
20220728,SAR_P1,0,21.6,96.5,8.49,385.1,8.33,NA,0.9906,2.92608,
20220728,SAR_P1,0.5,21.5,96,8.44,385.8,8.3,NA,0.9906,2.92608,
20220728,SAR_P1,1,21.1,95.8,8.51,385.1,8.29,NA,0.9906,2.92608,
20220728,SAR_P1,1.5,20.7,94.1,8.42,384.7,8.28,NA,0.9906,2.92608,
20220728,SAR_P1,2,20.7,93.2,8.35,384.8,8.25,NA,0.9906,2.92608,
20220728,SAR_P1,2.5,20.2,92,8.21,385.6,8.23,NA,0.9906,2.92608,Hit bottom 
20220728,SAR_P1,3,NA,NA,NA,NA,NA,NA,0.9906,2.92608,
20220728,SAR_P1,3.5,NA,NA,NA,NA,NA,NA,0.9906,2.92608,
20220728,SAR_P2,0,21.4,99.2,8.76,393.6,8.32,NA,0.4572,3.6576,
20220728,SAR_P2,0.5,21.2,98.9,8.77,393.2,8.31,NA,0.4572,3.6576,
20220728,SAR_P2,1,20.8,97.9,8.77,392.9,8.3,NA,0.4572,3.6576,
20220728,SAR_P2,1.5,20.5,94,8.45,392.8,8.26,NA,0.4572,3.6576,
20220728,SAR_P2,2,20.5,93,8.37,393,8.25,NA,0.4572,3.6576,
20220728,SAR_P2,2.5,20.4,90.5,8.14,393.3,8.23,NA,0.4572,3.6576,
20220728,SAR_P2,3,20.4,89.1,8,393.4,8.22,NA,0.4572,3.6576,Hit bottom or close 
20220728,SAR_P2,3.5,20.1,73.8,8.68,394.8,8.16,NA,0.4572,3.6576,
20220728,SAR_P3,0,21,94.5,8.44,395.8,8.34,NA,0.6858,2.5908,
20220728,SAR_P3,0.5,20.8,93,8.85,393.5,8.33,NA,0.6858,2.5908,
20220728,SAR_P3,1,20.4,93,8.38,393,8.32,NA,0.6858,2.5908,
20220728,SAR_P3,1.5,20.3,92.2,8.31,393.1,8.31,NA,0.6858,2.5908,
20220728,SAR_P3,2,20.2,91.5,8.28,392.9,8.29,NA,0.6858,2.5908,
20220728,SAR_P3,2.5,20.2,87.5,7.93,393.2,8.25,NA,0.6858,2.5908,
20220728,SAR_P3,3,20.1,80.6,7.35,392.4,8.18,NA,0.6858,2.5908,Hit bottom 
20220728,SAR_P3,3.5,NA,NA,NA,NA,NA,NA,0.6858,2.5908,
20220812,ALS_P1,0,20.8,116.1,10.29,3033,8.96,NA,2.4384,2.4384,
20220812,ALS_P1,0.5,20.8,116.2,10.3,3034,8.98,NA,2.4384,2.4384,
20220812,ALS_P1,1,20.8,115.5,10.23,3035,8.99,NA,2.4384,2.4384,
20220812,ALS_P1,1.5,20.8,114.5,10.15,3035,8.99,NA,2.4384,2.4384,
20220812,ALS_P1,2,20.8,115.6,10.25,3034,9.01,NA,2.4384,2.4384,
20220812,ALS_P1,2.5,20.9,112.4,9.98,3035,8.99,NA,2.4384,2.4384,Hit bottom at 2.75m
20220812,ALS_P1,3,NA,NA,NA,NA,NA,NA,2.4384,2.4384,
20220812,ALS_P2,0,20.7,112.8,10.03,3033,8.98,NA,3.9624,4.93296,
20220812,ALS_P2,0.5,20.7,113.2,10.06,3033,8.99,NA,3.9624,4.93296,
20220812,ALS_P2,1,20.7,113,10.04,3033,8.99,NA,3.9624,4.93296,
20220812,ALS_P2,1.5,20.7,113,10.04,3032,8.98,NA,3.9624,4.93296,
20220812,ALS_P2,2,20.7,112.9,10.03,3032,8.98,NA,3.9624,4.93296,
20220812,ALS_P2,2.5,20.7,113.1,10.05,3033,8.98,NA,3.9624,4.93296,
20220812,ALS_P2,3,20.7,110.8,9.85,3033,8.97,NA,3.9624,4.93296,
20220812,ALS_P2,3.5,20.7,105.4,9.37,3033,8.96,NA,3.9624,4.93296,
20220812,ALS_P2,4,20.6,96.5,8.61,3034,8.93,NA,3.9624,4.93296,
20220812,ALS_P3,0,20.6,109.1,9.71,3031,8.98,NA,2.7432,3.07848,
20220812,ALS_P3,0.5,20.6,109,9.7,3031,8.98,NA,2.7432,3.07848,
20220812,ALS_P3,1,20.6,108.2,9.63,3031,8.98,NA,2.7432,3.07848,
20220812,ALS_P3,1.5,20.6,107.7,9.59,3031,8.97,NA,2.7432,3.07848,
20220812,ALS_P3,2,20.5,104.9,9.36,3035,8.96,NA,2.7432,3.07848,
20220812,ALS_P3,2.5,20.5,104,9.28,3035,8.96,NA,2.7432,3.07848,
20220812,ALS_P3,3,20.4,91.9,8.23,3036,8.93,NA,2.7432,3.07848,
20220812,ALS_P3,3.5,NA,NA,NA,NA,NA,NA,2.7432,3.07848,Hit bottom 
20220812,SAR_P1,0,23.1,110.9,9.49,149,8.51,NA,0.762,2.5908,
20220812,SAR_P1,0.5,22.5,110.6,9.56,416.8,8.47,NA,0.762,2.5908,
20220812,SAR_P1,1,22,108.9,9.54,417,8.48,NA,0.762,2.5908,
20220812,SAR_P1,1.5,21.7,108.5,9.54,415.9,8.43,NA,0.762,2.5908,
20220812,SAR_P1,2,21.5,95.8,8.42,416.6,8.36,NA,0.762,2.5908,
20220812,SAR_P1,2.5,21.1,80.6,7.16,418,8.3,NA,0.762,2.5908,
20220812,SAR_P1,3,NA,NA,NA,NA,NA,NA,0.762,2.5908,Hit bottom 
20220812,SAR_P1,3.5,NA,NA,NA,NA,NA,NA,0.762,2.5908,
20220812,SAR_P2,0,23.4,105,8.92,430.3,8.37,NA,0.6096,3.5052,
20220812,SAR_P2,0.5,22.9,104.3,8.93,428.4,8.38,NA,0.6096,3.5052,
20220812,SAR_P2,1,21.9,101.4,8.88,429.2,8.41,NA,0.6096,3.5052,
20220812,SAR_P2,1.5,21.4,98.6,8.72,429.1,8.39,NA,0.6096,3.5052,
20220812,SAR_P2,2,21.3,97.2,8.61,428.7,8.35,NA,0.6096,3.5052,
20220812,SAR_P2,2.5,21.2,72.5,6.43,432.2,8.32,NA,0.6096,3.5052,
20220812,SAR_P2,3,21.1,72.2,6.41,432.1,8.2,NA,0.6096,3.5052,
20220812,SAR_P2,3.5,NA,NA,NA,NA,NA,NA,0.6096,3.5052,
20220812,SAR_P3,0,22.2,100,8.7,429.1,8.3,NA,0.6858,2.4384,
20220812,SAR_P3,0.5,22.1,99.6,8.69,429.3,8.32,NA,0.6858,2.4384,
20220812,SAR_P3,1,21.5,98.4,8.67,429,8.33,NA,0.6858,2.4384,
20220812,SAR_P3,1.5,21.2,99.4,8.79,428.5,8.34,NA,0.6858,2.4384,
20220812,SAR_P3,2,21,99.7,8.88,428.9,8.35,NA,0.6858,2.4384,Hit bottom 
20220812,SAR_P3,2.5,NA,NA,NA,NA,NA,NA,0.6858,2.4384,
20220812,SAR_P3,3,NA,NA,NA,NA,NA,NA,0.6858,2.4384,
20220812,SAR_P3,3.5,NA,NA,NA,NA,NA,NA,0.6858,2.4384,
20220815,GRN_P1,0,20.1,97.8,8.85,111.8,7.26,NA,2.7432,11.43,
20220815,GRN_P1,0.5,20.2,97.2,8.8,111.9,7.46,NA,2.7432,11.43,
20220815,GRN_P1,1,20.2,97.1,8.79,111.9,7.55,NA,2.7432,11.43,
20220815,GRN_P1,1.5,20.2,97.3,8.87,111.9,7.61,NA,2.7432,11.43,
20220815,GRN_P1,2,20.2,97.4,8.82,111.9,7.65,NA,2.7432,11.43,
20220815,GRN_P1,2.5,20.2,97.2,8.8,111.9,7.66,NA,2.7432,11.43,
20220815,GRN_P1,3,20.2,97,8.78,111.9,7.67,NA,2.7432,11.43,
20220815,GRN_P1,3.5,20.2,69.9,8.77,111.9,7.68,NA,2.7432,11.43,
20220815,GRN_P1,4,20.1,94.5,8.61,111.7,7.68,NA,2.7432,11.43,
20220815,GRN_P1,4.5,20.1,94.5,8.57,111.6,7.67,NA,2.7432,11.43,
20220815,GRN_P1,5,20,92.5,8.41,111.5,7.66,NA,2.7432,11.43,
20220815,GRN_P1,5.5,20,92.4,8.39,111.6,7.65,NA,2.7432,11.43,
20220815,GRN_P1,6,20,91,8.28,111.4,7.62,NA,2.7432,11.43,
20220815,GRN_P1,6.5,19.6,71,6.46,110.1,7.62,NA,2.7432,11.43,
20220815,GRN_P1,7,19.3,59.1,5.5,108.8,7.53,NA,2.7432,11.43,
20220815,GRN_P1,7.5,19.1,55.9,5.2,107.9,7.46,NA,2.7432,11.43,
20220815,GRN_P1,8,19.1,55,5.1,107.5,7.38,NA,2.7432,11.43,
20220815,GRN_P1,8.5,19,54.4,5.05,107.6,7.31,NA,2.7432,11.43,
20220815,GRN_P1,9,18.8,57.1,5.35,103.3,7.26,NA,2.7432,11.43,
20220815,GRN_P1,9.5,18.5,57.8,5.39,100.6,7.12,NA,2.7432,11.43,
20220815,GRN_P1,10,18.5,56,5.27,100,7.18,NA,2.7432,11.43,
20220815,GRN_P2,0,20.2,100.3,9.06,112,7.22,NA,3.3528,13.50264,
20220815,GRN_P2,0.5,20.3,99.8,9.03,112.1,7.48,NA,3.3528,13.50264,
20220815,GRN_P2,1,20.3,99.6,9.01,112.1,7.64,NA,3.3528,13.50264,
20220815,GRN_P2,1.5,20.3,99.6,9,112.1,7.69,NA,3.3528,13.50264,
20220815,GRN_P2,2,20.3,99.6,9,112.1,7.72,NA,3.3528,13.50264,
20220815,GRN_P2,2.5,20.3,99.6,9,112.1,7.74,NA,3.3528,13.50264,
20220815,GRN_P2,3,20.3,99.4,8.98,112.1,7.75,NA,3.3528,13.50264,
20220815,GRN_P2,3.5,20.3,99.4,8.98,112.1,7.76,NA,3.3528,13.50264,
20220815,GRN_P2,4,20.3,99.4,8.99,112.1,7.76,NA,3.3528,13.50264,
20220815,GRN_P2,4.5,20.3,99.5,8.99,112.1,7.76,NA,3.3528,13.50264,
20220815,GRN_P2,5,20.3,99.4,8.99,112.1,7.77,NA,3.3528,13.50264,
20220815,GRN_P2,5.5,20.3,99.4,8.98,112.1,7.77,NA,3.3528,13.50264,
20220815,GRN_P2,6,20.3,99.3,8.98,112.1,7.77,NA,3.3528,13.50264,
20220815,GRN_P2,6.5,20.3,99.1,8.95,112.1,7.77,NA,3.3528,13.50264,
20220815,GRN_P2,7,20.1,97.9,8.78,111.9,7.77,NA,3.3528,13.50264,
20220815,GRN_P2,7.5,20,94.1,8.57,111.9,7.72,NA,3.3528,13.50264,
20220815,GRN_P2,8,19.7,60.1,5.57,110,7.66,NA,3.3528,13.50264,
20220815,GRN_P2,8.5,18.7,47.3,4.41,108.2,7.62,NA,3.3528,13.50264,
20220815,GRN_P2,9,18.6,45.1,4.18,109.1,7.43,NA,3.3528,13.50264,
20220815,GRN_P2,9.5,18.5,43,4,109.3,7.34,NA,3.3528,13.50264,
20220815,GRN_P2,10,18.1,30.1,2.84,108.9,7.13,NA,3.3528,13.50264,
20220815,GRN_P3,0,20.4,101.7,9.16,112.4,7.49,NA,3.3528,21.0312,
20220815,GRN_P3,0.5,20.5,101.8,9.17,112.3,7.64,NA,3.3528,21.0312,
20220815,GRN_P3,1,20.5,101.8,9.17,112.4,7.66,NA,3.3528,21.0312,
20220815,GRN_P3,1.5,20.5,101.8,9.17,112.4,7.67,NA,3.3528,21.0312,
20220815,GRN_P3,2,20.5,101.7,9.16,112.4,7.68,NA,3.3528,21.0312,
20220815,GRN_P3,2.5,20.5,101.6,9.14,112.4,7.7,NA,3.3528,21.0312,
20220815,GRN_P3,3,20.5,101.4,9.13,112.4,7.71,NA,3.3528,21.0312,
20220815,GRN_P3,3.5,20.4,101.3,9.13,112.4,7.71,NA,3.3528,21.0312,
20220815,GRN_P3,4,20.4,101.3,9.13,112.4,7.72,NA,3.3528,21.0312,
20220815,GRN_P3,4.5,20.5,101,9.1,112.4,7.74,NA,3.3528,21.0312,
20220815,GRN_P3,5,20.4,100.5,9.06,112.4,7.75,NA,3.3528,21.0312,
20220815,GRN_P3,5.5,20.4,100.2,9.04,112.2,7.71,NA,3.3528,21.0312,
20220815,GRN_P3,6,20.4,100.1,9.03,112.2,7.73,NA,3.3528,21.0312,
20220815,GRN_P3,6.5,20.3,99.4,8.98,112.2,7.76,NA,3.3528,21.0312,
20220815,GRN_P3,7,20.3,99.1,8.96,112.2,7.78,NA,3.3528,21.0312,
20220815,GRN_P3,7.5,20,84.1,8.53,112.1,7.77,NA,3.3528,21.0312,
20220815,GRN_P3,8,19.7,76.5,9.62,111.1,7.65,NA,3.3528,21.0312,
20220815,GRN_P3,8.5,18.5,42.1,3.95,110.1,7.57,NA,3.3528,21.0312,
20220815,GRN_P3,9,18.3,37.5,3.52,110.3,7.4,NA,3.3528,21.0312,
20220815,GRN_P3,9.5,18.3,33.3,3.14,100.7,7.32,NA,3.3528,21.0312,
20220815,GRN_P3,10,18.1,29.2,2.76,111.1,7.22,NA,3.3528,21.0312,
20220817,WHE_P1,0,20.2,104.2,9.4,1172,8.5,NA,1.905,6.096,
20220817,WHE_P1,0.5,20.2,104,9.39,1172,8.68,NA,1.905,6.096,
20220817,WHE_P1,1,20.2,104.4,9.43,1172,8.74,NA,1.905,6.096,
20220817,WHE_P1,1.5,20.2,104.4,9.42,1172,8.76,NA,1.905,6.096,
20220817,WHE_P1,2,20.2,104.3,9.41,1172,8.76,NA,1.905,6.096,
20220817,WHE_P1,2.5,20.2,104.3,9.41,1172,8.77,NA,1.905,6.096,
20220817,WHE_P1,3,20.2,104,9.38,1173,8.77,NA,1.905,6.096,
20220817,WHE_P1,3.5,20.2,103.9,9.36,1172,8.77,NA,1.905,6.096,
20220817,WHE_P1,4,20.2,103.1,9.29,1172,8.77,NA,1.905,6.096,
20220817,WHE_P1,4.5,20.1,93.4,8.43,1173,8.71,NA,1.905,6.096,
20220817,WHE_P1,5,20,91.6,8.29,1174,8.7,NA,1.905,6.096,
20220817,WHE_P1,5.5,19.7,48.7,4.52,1180,8.54,NA,1.905,6.096,
20220817,WHE_P2,0,20.2,131.5,11.92,1156,9.16,NA,3.048,2.83464,
20220817,WHE_P2,0.5,20.2,132.9,11.99,1156,9.18,NA,3.048,2.83464,
20220817,WHE_P2,1,20.2,133.2,12.02,1156,9.19,NA,3.048,2.83464,
20220817,WHE_P2,1.5,20.2,133.6,12.07,1156,9.19,NA,3.048,2.83464,
20220817,WHE_P2,2,20.2,164.3,12.17,1156,9.19,NA,3.048,2.83464,
20220817,WHE_P2,2.5,20.1,136.2,12.33,1156,9.19,NA,3.048,2.83464,
20220817,WHE_P2,3,20.1,133.4,12.04,1157,9.17,NA,3.048,2.83464,Hit bottom 
20220817,WHE_P2,3.5,NA,NA,NA,NA,NA,NA,3.048,2.83464,
20220817,WHE_P3 ,0,20.1,112.8,10.19,1165,90.7,NA,2.286,2.286,
20220817,WHE_P3 ,0.5,20.1,110.5,9.98,1166,9.06,NA,2.286,2.286,
20220817,WHE_P3 ,1,20,110,9.95,1166,9.06,NA,2.286,2.286,
20220817,WHE_P3 ,1.5,19.9,110,10.06,1165,9.06,NA,2.286,2.286,
20220817,WHE_P3 ,2,19.9,111.7,10.24,1165,9.06,NA,2.286,2.286,
20220817,WHE_P3 ,2.5,19.9,114.3,10.4,1165,9.07,NA,2.286,2.286,Hit bottom 
20220817,WHE_P3 ,3,NA,NA,NA,NA,NA,NA,2.286,2.286,
20220817,WHE_P3 ,3.5,NA,NA,NA,NA,NA,NA,2.286,2.286,
20220817,GRY_P1,0,24.8,120.9,10.02,637,8.49,NA,2.7432,16.39828,
20220817,GRY_P1,0.5,24.8,121.1,10.05,637,8.48,NA,2.7432,16.39828,
20220817,GRY_P1,1,24.2,122.7,10.27,636,8.49,NA,2.7432,16.39828,
20220817,GRY_P1,1.5,24.2,122.9,10.35,635,8.49,NA,2.7432,16.39828,
20220817,GRY_P1,2,23.8,121.8,10.28,635,8.48,NA,2.7432,16.39828,
20220817,GRY_P1,2.5,23.8,116.3,9.83,635,8.43,NA,2.7432,16.39828,
20220817,GRY_P1,3,23.7,115.7,9.75,635,8.42,NA,2.7432,16.39828,
20220817,GRY_P1,3.5,23.6,113.9,9.64,635,8.41,NA,2.7432,16.39828,
20220817,GRY_P1,4,23.6,112.5,9.53,635,8.39,NA,2.7432,16.39828,
20220817,GRY_P1,4.5,23.5,110.5,9.36,635,8.38,NA,2.7432,16.39828,
20220817,GRY_P1,5,23.5,107.7,9.14,636,8.36,NA,2.7432,16.39828,
20220817,GRY_P1,5.5,23.5,106.3,9.03,636,8.35,NA,2.7432,16.39828,
20220817,GRY_P1,6,23.4,104.8,8.9,636,8.35,NA,2.7432,16.39828,
20220817,GRY_P1,6.5,23.4,104.3,8.85,636,8.34,NA,2.7432,16.39828,
20220817,GRY_P1,7,23.4,103.8,8.83,636,8.34,NA,2.7432,16.39828,
20220817,GRY_P1,7.5,23.4,104.1,8.85,636,8.34,NA,2.7432,16.39828,
20220817,GRY_P1,8,23.4,82.6,7.03,638,8.23,NA,2.7432,16.39828,
20220817,GRY_P1,8.5,23.3,73.7,6.27,639,8.22,NA,2.7432,16.39828,
20220817,GRY_P1,9,23.2,48.7,4.15,641,8.12,NA,2.7432,16.39828,
20220817,GRY_P1,9.5,23.1,42,3.6,642,8.03,NA,2.7432,16.39828,
20220817,GRY_P1,10,22.9,36.4,3.11,643,7.97,NA,2.7432,16.39828,
20220817,GRY_P1,10.5,22.9,22.4,1.92,643,7.95,NA,2.7432,16.39828,
20220817,GRY_P1,11,22.7,12.9,1.12,645,7.86,NA,2.7432,16.39828,
20220817,GRY_P1,11.5,22.5,3.5,0.3,646,7.82,NA,2.7432,16.39828,
20220817,GRY_P1,12,22.3,2,0.17,648,7.78,NA,2.7432,16.39828,
20220817,GRY_P1,12.5,22,1.6,0.14,649,7.73,NA,2.7432,16.39828,
20220817,GRY_P1,13,21.9,1.4,0.12,651,7.7,NA,2.7432,16.39828,
20220817,GRY_P1,13.5,21.8,1.9,0.16,651,7.74,NA,2.7432,16.39828,
20220817,GRY_P1,14,20.5,1.1,0.16,658,7.63,NA,2.7432,16.39828,
20220817,GRY_P1,14.5,20.2,0.9,0.09,659,7.53,NA,2.7432,16.39828,
20220817,GRY_P1,15,19.9,0.7,0.06,661,7.47,NA,2.7432,16.39828,
20220817,GRY_P2,0,25,121,9.98,637,8.47,NA,2.5908,16.39824,
20220817,GRY_P2,0.5,24.9,121.9,10.1,636,8.45,NA,2.5908,16.39824,
20220817,GRY_P2,1,24.6,123,10.24,636,8.43,NA,2.5908,16.39824,
20220817,GRY_P2,1.5,24.4,123.4,10.32,635,8.42,NA,2.5908,16.39824,
20220817,GRY_P2,2,24.1,122.4,10.26,635,8.42,NA,2.5908,16.39824,
20220817,GRY_P2,2.5,24.1,121.1,10.17,635,8.41,NA,2.5908,16.39824,
20220817,GRY_P2,3,24,113.8,9.57,635,8.4,NA,2.5908,16.39824,
20220817,GRY_P2,3.5,24,110.8,9.32,636,8.36,NA,2.5908,16.39824,
20220817,GRY_P2,4,23.9,108.7,9.14,636,8.35,NA,2.5908,16.39824,
20220817,GRY_P2,4.5,23.9,102.9,8.66,636,8.33,NA,2.5908,16.39824,
20220817,GRY_P2,5,23.9,92.3,7.78,637,8.29,NA,2.5908,16.39824,
20220817,GRY_P2,5.5,23.8,77.8,6.57,638,8.24,NA,2.5908,16.39824,
20220817,GRY_P2,6,23.7,64.9,5.49,639,8.14,NA,2.5908,16.39824,
20220817,GRY_P2,6.5,23.6,64.1,5.43,639,8.07,NA,2.5908,16.39824,
20220817,GRY_P2,7,23.6,62.2,5.26,640,8.04,NA,2.5908,16.39824,
20220817,GRY_P2,7.5,23.5,68.1,5.77,638,8.07,NA,2.5908,16.39824,
20220817,GRY_P2,8,23.5,68.1,5.78,639,8.09,NA,2.5908,16.39824,
20220817,GRY_P2,8.5,23.5,66.3,5.63,638,8.09,NA,2.5908,16.39824,
20220817,GRY_P2,9,23.4,65.6,5.58,638,8.09,NA,2.5908,16.39824,
20220817,GRY_P2,9.5,23.3,56,4.77,640,8.06,NA,2.5908,16.39824,
20220817,GRY_P2,10,23.1,37.8,3.23,641,7.97,NA,2.5908,16.39824,
20220817,GRY_P2,10.5,23.1,7.2,0.62,644,7.79,NA,2.5908,16.39824,
20220817,GRY_P2,11,22.6,2,0.17,647,7.75,NA,2.5908,16.39824,
20220817,GRY_P2,11.5,22.4,1.4,0.12,647,7.72,NA,2.5908,16.39824,
20220817,GRY_P2,12,22.3,1.2,0.1,648,7.69,NA,2.5908,16.39824,
20220817,GRY_P2,12.5,21,1,0.09,656,7.61,NA,2.5908,16.39824,
20220817,GRY_P2,13,20.5,0.8,0.07,659,7.53,NA,2.5908,16.39824,
20220817,GRY_P2,13.5,20.4,0.7,0.07,659,7.49,NA,2.5908,16.39824,Hit bottom 
20220817,GRY_P3,0,25.2,119,9.78,637,8.47,NA,2.5908,9.72312,
20220817,GRY_P3,0.5,25.2,119,9.79,637,8.46,NA,2.5908,9.72312,
20220817,GRY_P3,1,25,118.4,9.8,637,8.46,NA,2.5908,9.72312,
20220817,GRY_P3,1.5,24.7,118,9.79,636,8.46,NA,2.5908,9.72312,
20220817,GRY_P3,2,24.6,117,9.74,636,8.45,NA,2.5908,9.72312,
20220817,GRY_P3,2.5,24.4,116.4,9.72,636,8.43,NA,2.5908,9.72312,
20220817,GRY_P3,3,24.3,114.6,9.58,636,8.41,NA,2.5908,9.72312,
20220817,GRY_P3,3.5,24.3,113.5,9.48,636,8.39,NA,2.5908,9.72312,
20220817,GRY_P3,4,24.4,109.7,9.18,637,8.38,NA,2.5908,9.72312,
20220817,GRY_P3,4.5,24.2,104.5,8.75,637,8.36,NA,2.5908,9.72312,
20220817,GRY_P3,5,24.1,100.8,8.46,637,8.33,NA,2.5908,9.72312,
20220817,GRY_P3,5.5,23.9,95.8,8.07,637,8.3,NA,2.5908,9.72312,
20220817,GRY_P3,6,23.9,97.8,8.24,637,8.28,NA,2.5908,9.72312,
20220817,GRY_P3,6.5,23.9,99.8,8.41,637,8.29,NA,2.5908,9.72312,
20220817,GRY_P3,7,23.9,102,8.6,636,8.3,NA,2.5908,9.72312,
20220817,GRY_P3,7.5,23.8,102.7,8.66,636,8.32,NA,2.5908,9.72312,
20220817,GRY_P3,8,23.8,101.1,8.33,636,8.32,NA,2.5908,9.72312,
20220817,GRY_P3,8.5,23.8,98.2,8.28,637,8.32,NA,2.5908,9.72312,
20220817,GRY_P3,9,23.8,96.3,8.13,637,8.31,NA,2.5908,9.72312,
20220817,GRY_P3,9.5,32.8,95.4,8.06,637,8.3,NA,2.5908,9.72312,
20220817,GRY_P3,10,23.3,32.7,2.79,642,6.18,NA,2.5908,9.72312,
20220817,GRY_P3,10.5,22.6,2.9,0.25,637,7.85,NA,2.5908,9.72312,Hit bottom 
20220819,SAR_P1,0,21.2,98.7,8.76,418,8.33,NA,1.0668,2.5908,
20220819,SAR_P1,0.5,21.2,98.5,8.76,417.9,8.34,NA,1.0668,2.5908,
20220819,SAR_P1,1,20.8,98.4,8.77,417.9,8.32,NA,1.0668,2.5908,
20220819,SAR_P1,1.5,20.8,97.7,8.73,417.5,8.3,NA,1.0668,2.5908,
20220819,SAR_P1,2,20.6,97,8.69,417.6,8.29,NA,1.0668,2.5908,
20220819,SAR_P1,2.5,20.6,99.3,8.93,419.6,8.29,NA,1.0668,2.5908,
20220819,SAR_P1,3,NA,NA,NA,NA,NA,NA,1.0668,2.5908,
20220819,SAR_P1,3.5,NA,NA,NA,NA,NA,NA,1.0668,2.5908,
20220819,SAR_P2,0,21.1,96.4,8.55,429.4,8.26,NA,0.6858,3.469,
20220819,SAR_P2,0.5,21.5,98.9,8.73,429.9,8.29,NA,0.6858,3.469,
20220819,SAR_P2,1,20.6,93.3,8.37,429.2,8.27,NA,0.6858,3.469,
20220819,SAR_P2,1.5,20.5,91.9,8.27,429.4,8.25,NA,0.6858,3.469,
20220819,SAR_P2,2,20.3,87.2,7.87,429.6,8.24,NA,0.6858,3.469,
20220819,SAR_P2,2.5,20.2,82.4,7.44,429.9,8.21,NA,0.6858,3.469,
20220819,SAR_P2,3,20.1,72.6,6.57,429.6,8.15,NA,0.6858,3.469,Hit bottom 
20220819,SAR_P2,3.5,NA,NA,NA,NA,NA,NA,0.6858,3.469,
20220819,SAR_P3,0,21.8,101.6,8.91,430.4,8.34,NA,0.6096,2.286,
20220819,SAR_P3,0.5,21.1,98.5,8.76,430.9,8.31,NA,0.6096,2.286,
20220819,SAR_P3,1,20.4,96.8,8.72,429.7,8.3,NA,0.6096,2.286,
20220819,SAR_P3,1.5,20.2,98.5,8.91,429.4,8.3,NA,0.6096,2.286,
20220819,SAR_P3,2,19.9,99.2,9.04,429.2,8.3,NA,0.6096,2.286,
20220819,SAR_P3,2.25,19.8,92.4,3.73,429.5,8.24,NA,0.6096,2.286,Hit bottom 
20220819,SAR_P3,3,NA,NA,NA,NA,NA,NA,0.6096,2.286,
20220819,SAR_P3,3.5,NA,NA,NA,NA,NA,NA,0.6096,2.286,
20220831,SAR_P1,0,22.2,135.1,11.76,421.5,8.48,NA,0.5334,2.5908,
20220831,SAR_P1,0.5,21.3,133.7,11.78,420.8,8.49,NA,0.5334,2.5908,
20220831,SAR_P1,1,18.9,128.9,11.98,418.6,8.55,NA,0.5334,2.5908,
20220831,SAR_P1,1.5,18.3,109.3,10.29,420,8.45,NA,0.5334,2.5908,
20220831,SAR_P1,2,18,81.2,7.69,419.9,8.2,NA,0.5334,2.5908,Hit bottom 
20220831,SAR_P1,2.5,NA,NA,NA,NA,NA,NA,0.5334,2.5908,
20220831,SAR_P1,3,NA,NA,NA,NA,NA,NA,0.5334,2.5908,
20220831,SAR_P1,3.5,NA,NA,NA,NA,NA,NA,0.5334,2.5908,
20220831,SAR_P2,0,21.8,114,9.99,431.6,8.49,NA,0.4572,3.5052,
20220831,SAR_P2,0.5,21.8,114.2,10,431.5,8.44,NA,0.4572,3.5052,
20220831,SAR_P2,1,21.7,112.8,9.9,430.8,8.43,NA,0.4572,3.5052,
20220831,SAR_P2,1.5,20.6,108,9.76,432.7,8.41,NA,0.4572,3.5052,
20220831,SAR_P2,2,18.3,102.2,9.61,429.4,8.35,NA,0.4572,3.5052,
20220831,SAR_P2,2.5,18,87.5,8.28,429.9,8.32,NA,0.4572,3.5052,
20220831,SAR_P2,3,17.9,77.6,7.26,431.4,8.27,NA,0.4572,3.5052,Hit bottom 
20220831,SAR_P2,3.5,NA,NA,NA,NA,NA,NA,0.4572,3.5052,
20220831,SAR_P3,0,20,114.3,10.4,430.1,8.5,NA,0.6096,2.286,
20220831,SAR_P3,0.5,20,114.7,10.42,430.1,8.45,NA,0.6096,2.286,
20220831,SAR_P3,1,20,114.8,10.44,430,8.43,NA,0.6096,2.286,
20220831,SAR_P3,1.5,19,113.2,10.49,429.9,8.43,NA,0.6096,2.286,
20220831,SAR_P3,2,18,107.4,10.14,428.4,8.42,NA,0.6096,2.286,Hit bottom 
20220831,SAR_P3,2.5,NA,NA,NA,NA,NA,NA,0.6096,2.286,
20220831,SAR_P3,3,NA,NA,NA,NA,NA,NA,0.6096,2.286,
20220831,SAR_P3,3.5,NA,NA,NA,NA,NA,NA,0.6096,2.286,
20220902,ALS_P1,0,19.3,165.7,12.47,1603,9.23,NA,2.286,2.286,
20220902,ALS_P1,0.5,19.3,137.4,12.64,1602,9.2,NA,2.286,2.286,
20220902,ALS_P1,1,18.7,146.9,13.72,1599,9.2,NA,2.286,2.286,
20220902,ALS_P1,1.5,18.3,123.2,11.56,1596,9.16,NA,2.286,2.286,
20220902,ALS_P1,2,18.1,126.9,11.96,1594,9.15,NA,2.286,2.286,
20220902,ALS_P1,2.5,18.1,134.2,12.66,1594,9.16,NA,2.286,2.286,Hit bottom 
20220902,ALS_P1,3,NA,NA,NA,NA,NA,NA,2.286,2.286,
20220902,ALS_P1,3.5,NA,NA,NA,NA,NA,NA,2.286,2.286,
20220902,ALS_P2,0,19.5,135.8,12.46,1600,9.43,NA,4.2672,2.6482,
20220902,ALS_P2,0.5,19.4,137.3,12.56,1600,9.32,NA,4.2672,2.6482,
20220902,ALS_P2,1,19.3,136.6,12.56,1601,9.25,NA,4.2672,2.6482,
20220902,ALS_P2,1.5,19,137.2,12.77,1599,9.23,NA,4.2672,2.6482,
20220902,ALS_P2,2,18.7,135.6,12.59,1598,9.2,NA,4.2672,2.6482,
20220902,ALS_P2,2.5,18.2,129.4,12.13,1598,9.19,NA,4.2672,2.6482,
20220902,ALS_P2,3,18.2,129.8,12.19,1597,9.18,NA,4.2672,2.6482,
20220902,ALS_P2,3.5,17.9,105.4,9.83,1592,9.11,NA,4.2672,2.6482,
20220902,ALS_P2,4,17.9,102.4,9.6,1592,9.08,NA,4.2672,2.6482,
20220902,ALS_P3,0,19.9,134.9,12.37,1603,9.24,NA,2.1336,2.1336,
20220902,ALS_P3,0.5,19.9,138.8,12.6,1602,9.21,NA,2.1336,2.1336,
20220902,ALS_P3,1,19.8,138.8,12.6,1602,9.19,NA,2.1336,2.1336,
20220902,ALS_P3,1.5,19.6,137.1,12.52,1604,9.18,NA,2.1336,2.1336,
20220902,ALS_P3,2,19.2,159.5,14.74,1599,9.21,NA,2.1336,2.1336,Hit bottom 
20220902,ALS_P3,2.5,NA,NA,NA,NA,NA,NA,2.1336,2.1336,
20220902,ALS_P3,3,NA,NA,NA,NA,NA,NA,2.1336,2.1336,
20220902,ALS_P3,3.5,NA,NA,NA,NA,NA,NA,2.1336,2.1336,
20220907,WHE_P1,0,20.9,135.3,12.04,1137,9.1,NA,4.7244,5.6388,
20220907,WHE_P1,0.5,20.9,135.6,12.06,1137,9.12,NA,4.7244,5.6388,
20220907,WHE_P1,1,20.1,134.7,12.21,1137,9.1,NA,4.7244,5.6388,
20220907,WHE_P1,1.5,19.7,135.9,12.38,1138,9.1,NA,4.7244,5.6388,
20220907,WHE_P1,2,19.5,137.6,12.59,1137,9.11,NA,4.7244,5.6388,
20220907,WHE_P1,2.5,19.5,139,12.72,1137,9.11,NA,4.7244,5.6388,
20220907,WHE_P1,3,19.2,142.9,13.11,1135,9.13,NA,4.7244,5.6388,
20220907,WHE_P1,3.5,19,137.4,12.69,1136,9.11,NA,4.7244,5.6388,
20220907,WHE_P1,4,18.6,120.1,11.19,1137,9.63,NA,4.7244,5.6388,
20220907,WHE_P1,4.5,18.4,105.7,9.89,1136,8.95,NA,4.7244,5.6388,
20220907,WHE_P1,5,18.1,76.1,7.66,1138,8.82,NA,4.7244,5.6388,
20220907,WHE_P1,5.5,18.1,69.1,6.5,1138,8.75,NA,4.7244,5.6388,
20220907,WHE_P1,6,18,61.7,5.81,1339,8.71,NA,4.7244,5.6388,
20220907,WHE_P2,0,21.3,156.1,13.79,1132,9.43,NA,2.8956,2.8956,
20220907,WHE_P2,0.5,21.3,157,13.87,1132,9.41,NA,2.8956,2.8956,
20220907,WHE_P2,1,20.2,153,13.8,1131,9.34,NA,2.8956,2.8956,
20220907,WHE_P2,1.5,20,148.9,13.51,1130,9.31,NA,2.8956,2.8956,
20220907,WHE_P2,2,19.7,172.9,15.78,1127,9.37,NA,2.8956,2.8956,
20220907,WHE_P2,2.5,19.7,174.7,15.93,1127,9.37,NA,2.8956,2.8956,
20220907,WHE_P2,3,19.6,178.9,17.17,1126,9.39,NA,2.8956,2.8956,Hit bottom 
20220907,WHE_P2,3.5,NA,NA,NA,NA,NA,NA,2.8956,2.8956,
20220907,WHE_P3 ,0,21.4,136.2,12.02,1141,9.39,NA,1.9812,2.5908,
20220907,WHE_P3 ,0.5,21.4,137.1,12.08,1139,9.38,NA,1.9812,2.5908,
20220907,WHE_P3 ,1,21.2,136.1,12.06,1141,9.37,NA,1.9812,2.5908,
20220907,WHE_P3 ,1.5,20.5,143.6,12.92,1136,9.37,NA,1.9812,2.5908,
20220907,WHE_P3 ,2,20.2,168.6,15.24,1134,9.45,NA,1.9812,2.5908,
20220907,WHE_P3 ,2.5,20.2,168.4,15.2,1134,9.45,NA,1.9812,2.5908,Hit bottom 
20220907,WHE_P3 ,3,NA,NA,NA,NA,NA,NA,1.9812,2.5908,
20220907,WHE_P3 ,3.5,NA,NA,NA,NA,NA,NA,1.9812,2.5908,
20220912,ALS_P1,0,14.8,93.9,9.45,1691,8.87,NA,2.4384,2.4384,
20220912,ALS_P1,0.5,14.9,92.5,9.31,1690,9.01,NA,2.4384,2.4384,
20220912,ALS_P1,1,14.9,92.6,9.32,1689,9.1,NA,2.4384,2.4384,
20220912,ALS_P1,1.5,14.8,94.8,9.55,1691,9.11,NA,2.4384,2.4384,
20220912,ALS_P1,2,14.8,94.7,9.55,1692,9.11,NA,2.4384,2.4384,
20220912,ALS_P1,2.5,14.7,95.7,9.61,1691,9.11,NA,2.4384,2.4384,Hit bottom 
20220912,ALS_P1,3,NA,NA,NA,NA,NA,NA,2.4384,2.4384,
20220912,ALS_P1,3.5,NA,NA,NA,NA,NA,NA,2.4384,2.4384,
20220912,ALS_P2,0,15,90.1,9.04,1689,9.14,NA,4.572,4.572,
20220912,ALS_P2,0.5,15,90.3,9.06,1689,9.14,NA,4.572,4.572,
20220912,ALS_P2,1,15,90.3,9.06,1689,9.14,NA,4.572,4.572,
20220912,ALS_P2,1.5,15,90.4,9.07,1689,9.14,NA,4.572,4.572,
20220912,ALS_P2,2,15,90.4,9.06,1689,9.14,NA,4.572,4.572,
20220912,ALS_P2,2.5,15,90.5,9.07,1689,9.14,NA,4.572,4.572,
20220912,ALS_P2,3,15,90.1,9.04,1689,9.14,NA,4.572,4.572,
20220912,ALS_P2,3.5,15,87.9,8.82,1689,9.13,NA,4.572,4.572,
20220912,ALS_P2,4,14.9,77.1,7.75,1689,9.11,NA,4.572,4.572,
20220912,ALS_P2,4.5,14.9,76.7,7.71,1688,9.11,NA,4.572,4.572,
20220912,ALS_P3,0,14.7,88.5,8.93,1689,9.14,NA,2.7432,2.8956,
20220912,ALS_P3,0.5,14.8,89.4,9.01,1689,9.14,NA,2.7432,2.8956,
20220912,ALS_P3,1,14.7,89.3,9.01,1689,9.14,NA,2.7432,2.8956,
20220912,ALS_P3,1.5,14.6,88.3,8.94,1689,9.14,NA,2.7432,2.8956,
20220912,ALS_P3,2,14.3,81.1,8.25,1691,9.12,NA,2.7432,2.8956,
20220912,ALS_P3,2.5,14.3,82.5,8.4,1691,9.12,NA,2.7432,2.8956,Hit bottom 
20220912,ALS_P3,3,NA,NA,NA,NA,NA,NA,2.7432,2.8956,
20220912,ALS_P3,3.5,NA,NA,NA,NA,NA,NA,2.7432,2.8956,
20220912,SAR_P1,0,17.6,103.5,9.86,448.4,8.44,NA,0.381,2.7432,
20220912,SAR_P1,0.5,17.1,100.9,9.73,446.3,8.43,NA,0.381,2.7432,
20220912,SAR_P1,1,16.6,98,9.51,446.6,8.43,NA,0.381,2.7432,
20220912,SAR_P1,1.5,16.4,98.3,9.61,447,8.43,NA,0.381,2.7432,
20220912,SAR_P1,2,16.3,98.9,9.7,446.9,8.44,NA,0.381,2.7432,
20220912,SAR_P1,2.5,16.1,103.9,10.26,447.4,8.44,NA,0.381,2.7432,Hit bottom 
20220912,SAR_P1,3,NA,NA,NA,NA,NA,NA,0.381,2.7432,
20220912,SAR_P1,3.5,NA,NA,NA,NA,NA,NA,0.381,2.7432,
20220912,SAR_P2,0,18.3,98.9,9.3,458.7,8.38,NA,0.3048,3.3528,
20220912,SAR_P2,0.5,17.9,99.4,9.42,457.8,8.38,NA,0.3048,3.3528,
20220912,SAR_P2,1,16.4,99.9,9.76,456.8,8.44,NA,0.3048,3.3528,
20220912,SAR_P2,1.5,16.3,98.4,9.64,456.6,8.43,NA,0.3048,3.3528,
20220912,SAR_P2,2,15.9,93.9,9.26,457,8.41,NA,0.3048,3.3528,
20220912,SAR_P2,2.5,15.5,93.2,9.29,456.6,8.41,NA,0.3048,3.3528,
20220912,SAR_P2,3,15.5,90.9,9.06,456.6,8.4,NA,0.3048,3.3528,Hit bottom
20220912,SAR_P2,3.5,NA,NA,NA,NA,NA,NA,0.3048,3.3528,
20220912,SAR_P3,0,18.5,103.2,9.65,457.7,8.41,NA,0.381,2.286,
20220912,SAR_P3,0.5,18.1,103.3,9.72,458.2,8.45,NA,0.381,2.286,
20220912,SAR_P3,1,16.3,101.4,9.95,457.2,8.49,NA,0.381,2.286,
20220912,SAR_P3,1.5,15.8,102.7,10.17,456.1,8.51,NA,0.381,2.286,
20220912,SAR_P3,2,15.7,99.8,9.9,456.3,8.5,NA,0.381,2.286,Hit bottom 
20220912,SAR_P3,2.5,NA,NA,NA,NA,NA,NA,0.381,2.286,
20220912,SAR_P3,3,NA,NA,NA,NA,NA,NA,0.381,2.286,
20220912,SAR_P3,3.5,NA,NA,NA,NA,NA,NA,0.381,2.286,
20220920,GRN_P1,0,16,99.4,9.81,81.8,7.47,NA,3.048,10.668,
20220920,GRN_P1,0.5,16,99.2,9.78,81.8,7.48,NA,3.048,10.668,
20220920,GRN_P1,1,16,98.9,9.76,81.7,7.48,NA,3.048,10.668,
20220920,GRN_P1,1.5,16,98.8,9.75,81.7,7.47,NA,3.048,10.668,
20220920,GRN_P1,2,16,98.6,9.74,81.7,7.45,NA,3.048,10.668,
20220920,GRN_P1,2.5,16,98.1,9.7,81.8,7.44,NA,3.048,10.668,
20220920,GRN_P1,3,15.9,98.1,9.7,81.7,7.43,NA,3.048,10.668,
20220920,GRN_P1,3.5,15.9,97.8,9.67,81.7,7.42,NA,3.048,10.668,
20220920,GRN_P1,4,15.9,97.7,9.66,81.8,7.4,NA,3.048,10.668,
20220920,GRN_P1,4.5,15.9,97.4,9.63,81.8,7.39,NA,3.048,10.668,
20220920,GRN_P1,5,15.9,97.3,9.62,81.8,7.38,NA,3.048,10.668,
20220920,GRN_P1,5.5,15.9,97.3,9.63,81.8,7.38,NA,3.048,10.668,
20220920,GRN_P1,6,15.9,97.3,9.63,81.8,7.37,NA,3.048,10.668,
20220920,GRN_P1,6.5,15.9,97.3,9.62,81.8,7.37,NA,3.048,10.668,
20220920,GRN_P1,7,15.9,97.4,9.64,81.8,7.36,NA,3.048,10.668,
20220920,GRN_P1,7.5,15.9,97.4,9.64,81.8,7.36,NA,3.048,10.668,
20220920,GRN_P1,8,15.9,97.2,9.61,81.8,7.36,NA,3.048,10.668,
20220920,GRN_P1,8.5,15.9,96.9,9.58,81.8,7.36,NA,3.048,10.668,
20220920,GRN_P1,9,15.9,96.2,9.52,81.8,7.36,NA,3.048,10.668,
20220920,GRN_P1,9.5,15.8,94.7,9.38,81.8,7.36,NA,3.048,10.668,
20220920,GRN_P1,10,15.8,90.8,8.99,81.7,7.36,NA,3.048,10.668,
20220920,GRN_P2,0,16.1,103.5,10.45,81.8,7.24,NA,2.8956,13.1064,
20220920,GRN_P2,0.5,16.1,101.7,10.01,81.8,7.43,NA,2.8956,13.1064,
20220920,GRN_P2,1,16.1,101.4,9.99,81.8,7.45,NA,2.8956,13.1064,
20220920,GRN_P2,1.5,16.1,101.3,9.98,81.8,7.44,NA,2.8956,13.1064,
20220920,GRN_P2,2,16.1,101.2,9.97,81.9,7.44,NA,2.8956,13.1064,
20220920,GRN_P2,2.5,16.1,101.2,9.97,81.8,7.43,NA,2.8956,13.1064,
20220920,GRN_P2,3,16,101,9.96,81.8,7.42,NA,2.8956,13.1064,
20220920,GRN_P2,3.5,16,100.3,9.9,81.8,7.42,NA,2.8956,13.1064,
20220920,GRN_P2,4,16,100.1,9.86,81.8,7.4,NA,2.8956,13.1064,
20220920,GRN_P2,4.5,16,99.7,9.83,81.8,7.39,NA,2.8956,13.1064,
20220920,GRN_P2,5,16,99.4,9.8,81.8,7.38,NA,2.8956,13.1064,
20220920,GRN_P2,5.5,16,99.3,9.8,81.8,7.37,NA,2.8956,13.1064,
20220920,GRN_P2,6,16,99,9.77,81.7,7.37,NA,2.8956,13.1064,
20220920,GRN_P2,6.5,16,98.7,9.74,81.6,7.36,NA,2.8956,13.1064,
20220920,GRN_P2,7,16,98.5,9.72,81.4,7.36,NA,2.8956,13.1064,
20220920,GRN_P2,7.5,16,98.2,9.69,81.4,7.36,NA,2.8956,13.1064,
20220920,GRN_P2,8,16,98.4,9.72,81.4,7.36,NA,2.8956,13.1064,
20220920,GRN_P2,8.5,16,98.3,9.7,81.4,7.36,NA,2.8956,13.1064,
20220920,GRN_P2,9,15.9,98,9.7,81.3,7.36,NA,2.8956,13.1064,
20220920,GRN_P2,9.5,15.9,97.6,9.66,81.4,7.35,NA,2.8956,13.1064,
20220920,GRN_P2,10,15.9,97.5,9.56,81.3,7.36,NA,2.8956,13.1064,
20220920,GRN_P3,0,16.1,101.9,10.03,82.2,6.63,NA,2.8956,20.1168,
20220920,GRN_P3,0.5,16.1,101.6,10,82.2,6.71,NA,2.8956,20.1168,
20220920,GRN_P3,1,16.1,101.4,9.98,82.1,6.82,NA,2.8956,20.1168,
20220920,GRN_P3,1.5,16.1,101.3,9.97,82.1,6.84,NA,2.8956,20.1168,
20220920,GRN_P3,2,16.1,101.3,9.97,82.1,6.87,NA,2.8956,20.1168,
20220920,GRN_P3,2.5,16.1,101.3,9.97,82.1,6.87,NA,2.8956,20.1168,
20220920,GRN_P3,3,16.1,101,9.95,82.1,6.9,NA,2.8956,20.1168,
20220920,GRN_P3,3.5,16.1,100.8,9.93,82.1,6.94,NA,2.8956,20.1168,
20220920,GRN_P3,4,16.1,100.6,9.91,82.1,6.91,NA,2.8956,20.1168,
20220920,GRN_P3,4.5,16.1,100.5,9.89,82.1,6.93,NA,2.8956,20.1168,
20220920,GRN_P3,5,16.1,100.7,9.92,82.1,6.95,NA,2.8956,20.1168,
20220920,GRN_P3,5.5,16.1,100.8,9.93,82.1,6.97,NA,2.8956,20.1168,
20220920,GRN_P3,6,16.1,100.8,9.93,82.1,6.99,NA,2.8956,20.1168,
20220920,GRN_P3,6.5,16.1,100.8,9.92,82.1,7.01,NA,2.8956,20.1168,
20220920,GRN_P3,7,16.1,100.1,9.87,82.1,7.03,NA,2.8956,20.1168,
20220920,GRN_P3,7.5,16.1,100.3,9.9,82.1,7.03,NA,2.8956,20.1168,
20220920,GRN_P3,8,16.1,100.2,9.88,82.1,7.04,NA,2.8956,20.1168,
20220920,GRN_P3,8.5,16.1,100.4,9.89,82.1,7.05,NA,2.8956,20.1168,
20220920,GRN_P3,9,16.1,100.2,9.48,82.1,7.06,NA,2.8956,20.1168,
20220920,GRN_P3,9.5,16.1,98.1,9.73,82.1,7.07,NA,2.8956,20.1168,
20220920,GRN_P3,10,16,99.2,9.76,82.1,7.09,NA,2.8956,20.1168,No substantial drop offs when data was continued further down
20220912,SAR_P3,0,18.7,105.3,9.82,458.8,8.51,NA,0.381,2.286,DUPLICATE READINGS 
20220912,SAR_P3,0.5,18.5,104.8,9.81,458.6,8.52,NA,0.381,2.286,DUPLICATE READINGS 
20220912,SAR_P3,1,16.1,101.8,10.03,457.4,8.58,NA,0.381,2.286,DUPLICATE READINGS 
20220912,SAR_P3,1.5,15.8,102.5,10.15,456.1,8.54,NA,0.381,2.286,DUPLICATE READINGS 
20220912,SAR_P3,2,15.6,98.5,9.8,456.3,8.5,NA,0.381,2.286,DUPLICATE READINGS and hit bottom 
20220912,SAR_P3,2.5,NA,NA,NA,NA,NA,NA,0.381,2.286,DUPLICATE READINGS 
20220912,SAR_P3,3,NA,NA,NA,NA,NA,NA,0.381,2.286,DUPLICATE READINGS 
20220912,SAR_P3,3.5,NA,NA,NA,NA,NA,NA,0.381,2.286,DUPLICATE READINGS 
20220912,SAR_P2,0,18.5,98.8,9.24,458.7,8.44,NA,0.3048,3.3528,DUPLICATE READINGS 
20220912,SAR_P2,0.5,18,99.2,9.38,458.9,8.48,NA,0.3048,3.3528,DUPLICATE READINGS 
20220912,SAR_P2,1,16.4,99.9,9.76,457.4,8.49,NA,0.3048,3.3528,DUPLICATE READINGS 
20220912,SAR_P2,1.5,15.8,94.6,9.35,456.7,8.47,NA,0.3048,3.3528,DUPLICATE READINGS 
20220912,SAR_P2,2,15.6,93.6,9.3,457,8.45,NA,0.3048,3.3528,DUPLICATE READINGS 
20220912,SAR_P2,2.5,15.54,89.8,8.96,456.7,8.43,NA,0.3048,3.3528,DUPLICATE READINGS 
20220912,SAR_P2,3,15.4,89.6,8.94,456.7,8.42,NA,0.3048,3.3528,DUPLICATE READINGS and Hit bottom 
20220912,SAR_P2,3.5,NA,NA,NA,NA,NA,NA,0.3048,3.3528,DUPLICATE READINGS 
20220928,ALS_P1,0,12.4,92.8,9.86,1572,8.78,NA,2.5908,2.5908,
20220928,ALS_P1,0.5,12.4,92.4,9.81,1572,8.84,NA,2.5908,2.5908,
20220928,ALS_P1,1,12.4,92.1,9.79,1572,8.86,NA,2.5908,2.5908,
20220928,ALS_P1,1.5,12.4,93.1,9.91,1573,8.89,NA,2.5908,2.5908,
20220928,ALS_P1,2,12.2,94.1,10.06,1573,8.91,NA,2.5908,2.5908,
20220928,ALS_P1,2.5,12.2,94.1,10.05,1571,8.92,NA,2.5908,2.5908,Hit bottom 
20220928,ALS_P1,3,NA,NA,NA,NA,NA,NA,2.5908,2.5908,
20220928,ALS_P1,3.5,NA,NA,NA,NA,NA,NA,2.5908,2.5908,
20220928,ALS_P2,0,12.9,100,10.51,1572,8.99,NA,4.1148,2.7432,
20220928,ALS_P2,0.5,12.9,100.1,10.52,1572,8.98,NA,4.1148,2.7432,
20220928,ALS_P2,1,12.9,100.3,10.53,1572,8.98,NA,4.1148,2.7432,
20220928,ALS_P2,1.5,12.9,100.4,10.54,1572,8.98,NA,4.1148,2.7432,
20220928,ALS_P2,2,12.9,100.3,10.54,1572,8.98,NA,4.1148,2.7432,
20220928,ALS_P2,2.5,12.9,100.3,10.53,1572,8.98,NA,4.1148,2.7432,
20220928,ALS_P2,3,12.9,100.1,10.51,1572,8.98,NA,4.1148,2.7432,
20220928,ALS_P2,3.5,12.9,99.7,10.47,1572,8.98,NA,4.1148,2.7432,
20220928,ALS_P2,4,12.9,96,10.11,1574,8.98,NA,4.1148,2.7432,
20220928,ALS_P2,4.5,12.7,91.2,9.63,1573,8.97,NA,4.1148,2.7432,Hit bottom 
20220928,ALS_P3,0,12.9,89.8,9.42,1572,8.94,NA,2.7432,7.432,
20220928,ALS_P3,0.5,12.9,89.5,9.4,1572,8.93,NA,2.7432,7.432,
20220928,ALS_P3,1,12.9,89.8,9.43,1572,8.94,NA,2.7432,7.432,
20220928,ALS_P3,1.5,12.9,90,9.46,1572,8.94,NA,2.7432,7.432,
20220928,ALS_P3,2,12.9,89.9,9.45,1572,8.94,NA,2.7432,7.432,
20220928,ALS_P3,2.5,12.8,90.3,9.53,1572,8.94,NA,2.7432,7.432,Hit bottom 
20220928,ALS_P3,3,NA,NA,NA,NA,NA,NA,2.7432,7.432,
20220928,ALS_P3,3.5,NA,NA,NA,NA,NA,NA,2.7432,7.432,
20220928,SAR_P1,0,14.7,118.6,12.02,416.1,8.53,NA,0.4572,2.4384,
20220928,SAR_P1,0.5,14.7,118.4,12.01,416,8.52,NA,0.4572,2.4384,
20220928,SAR_P1,1,14.6,118,11.99,415.9,8.53,NA,0.4572,2.4384,
20220928,SAR_P1,1.5,14.5,117.5,11.98,415.9,8.54,NA,0.4572,2.4384,
20220928,SAR_P1,2,14.3,116.8,11.93,415.8,8.55,NA,0.4572,2.4384,Hit bottom 
20220928,SAR_P1,2.5,NA,NA,NA,NA,NA,NA,0.4572,2.4384,
20220928,SAR_P1,3,NA,NA,NA,NA,NA,NA,0.4572,2.4384,
20220928,SAR_P1,3.5,NA,NA,NA,NA,NA,NA,0.4572,2.4384,
20220928,SAR_P2,0,14.2,106.8,10.96,424.2,8.45,NA,0.4572,3.6576,
20220928,SAR_P2,0.5,14.1,106.7,10.95,424.5,8.45,NA,0.4572,3.6576,
20220928,SAR_P2,1,14.1,106.7,10.96,424.5,8.45,NA,0.4572,3.6576,
20220928,SAR_P2,1.5,14.1,106.8,10.97,424.5,8.45,NA,0.4572,3.6576,
20220928,SAR_P2,2,14,107.6,11.01,424.4,8.46,NA,0.4572,3.6576,
20220928,SAR_P2,2.5,14,107.1,11.02,424.5,8.46,NA,0.4572,3.6576,
20220928,SAR_P2,3,14,107.2,11.02,424.4,8.46,NA,0.4572,3.6576,Hit bottom 
20220928,SAR_P2,3.5,NA,NA,NA,NA,NA,NA,0.4572,3.6576,
20220928,SAR_P3,0,14.6,109.2,11.1,424.5,8.43,NA,0.4572,2.3622,
20220928,SAR_P3,0.5,14.6,109.4,11.12,424.7,8.41,NA,0.4572,2.3622,
20220928,SAR_P3,1,14.5,109.3,11.13,424.6,8.41,NA,0.4572,2.3622,
20220928,SAR_P3,1.5,14.5,109.2,11.12,424.7,8.41,NA,0.4572,2.3622,
20220928,SAR_P3,2,14.4,109.2,11.15,424.6,8.41,NA,0.4572,2.3622,
20220928,SAR_P3,2.5,NA,NA,NA,NA,NA,NA,0.4572,2.3622,
20220928,SAR_P3,3,NA,NA,NA,NA,NA,NA,0.4572,2.3622,
20220928,SAR_P3,3.5,NA,NA,NA,NA,NA,NA,0.4572,2.3622,
20220930,GRY_P1,0,18.2,102.7,9.67,598,8.16,NA,3.3528,14.0208,
20220930,GRY_P1,0.5,18.2,102.3,9.62,599,8.16,NA,3.3528,14.0208,
20220930,GRY_P1,1,18.2,101.7,9.57,599,8.16,NA,3.3528,14.0208,
20220930,GRY_P1,1.5,18.2,100.4,9.45,599,8.16,NA,3.3528,14.0208,
20220930,GRY_P1,2,18.2,100.6,9.47,599,8.15,NA,3.3528,14.0208,
20220930,GRY_P1,2.5,18.2,102,9.6,598,8.15,NA,3.3528,14.0208,
20220930,GRY_P1,3,18.2,100.5,9.45,599,8.15,NA,3.3528,14.0208,
20220930,GRY_P1,3.5,18.2,100.1,9.42,598,8.15,NA,3.3528,14.0208,
20220930,GRY_P1,4,18.2,99.2,9.34,598,8.14,NA,3.3528,14.0208,
20220930,GRY_P1,4.5,18.2,98.7,9.28,599,8.14,NA,3.3528,14.0208,
20220930,GRY_P1,5,18.2,98.5,9.27,599,8.13,NA,3.3528,14.0208,
20220930,GRY_P1,5.5,18.2,98.7,9.29,599,8.13,NA,3.3528,14.0208,
20220930,GRY_P1,6,18.2,98.6,9.28,599,8.13,NA,3.3528,14.0208,
20220930,GRY_P1,6.5,18.2,98.6,9.28,599,5.13,NA,3.3528,14.0208,
20220930,GRY_P1,7,18.2,98.1,9.24,599,5.13,NA,3.3528,14.0208,
20220930,GRY_P1,7.5,18.2,98.7,9.29,599,5.13,NA,3.3528,14.0208,
20220930,GRY_P1,8,18.2,98.9,9.3,599,8.14,NA,3.3528,14.0208,
20220930,GRY_P1,8.5,18.2,98.7,9.29,599,8.13,NA,3.3528,14.0208,
20220930,GRY_P1,9,18.2,98.7,9.28,599,8.13,NA,3.3528,14.0208,
20220930,GRY_P1,9.5,18.2,98.8,9.3,599,8.13,NA,3.3528,14.0208,
20220930,GRY_P1,10,18.2,99.1,9.33,599,8.13,NA,3.3528,14.0208,
20220930,GRY_P1,10.5,18.2,98.5,9.27,599,8.13,NA,3.3528,14.0208,
20220930,GRY_P1,11,18.2,98.6,9.28,599,8.13,NA,3.3528,14.0208,
20220930,GRY_P1,11.5,18.2,98.5,9.27,599,8.13,NA,3.3528,14.0208,
20220930,GRY_P1,12,18.2,98.4,9.26,599,8.13,NA,3.3528,14.0208,
20220930,GRY_P1,12.5,18.2,98.5,9.27,599,8.13,NA,3.3528,14.0208,
20220930,GRY_P1,13,18.2,98.1,9.23,599,8.13,NA,3.3528,14.0208,
20220930,GRY_P1,13.5,18.2,97.2,9.15,599,8.13,NA,3.3528,14.0208,
20220930,GRY_P1,14,18.2,95.8,9.01,599,8.13,NA,3.3528,14.0208,
20220930,GRY_P1,14.5,18.2,95.6,9,599,8.12,NA,3.3528,14.0208,
20220930,GRY_P1,15,18.2,95,8.94,599,8.12,NA,3.3528,14.0208,
20220930,GRY_P2,0,18.1,98.2,9.27,599,8.14,NA,1.2192,12.16152,
20220930,GRY_P2,0.5,18.1,98.1,9.25,599,8.14,NA,1.2192,12.16152,
20220930,GRY_P2,1,18.1,98.2,9.27,599,8.14,NA,1.2192,12.16152,
20220930,GRY_P2,1.5,18.1,97.7,9.22,599,8.14,NA,1.2192,12.16152,
20220930,GRY_P2,2,18.1,98.1,9.26,599,8.14,NA,1.2192,12.16152,
20220930,GRY_P2,2.5,18.1,97.9,9.22,599,8.14,NA,1.2192,12.16152,
20220930,GRY_P2,3,18.1,97.8,9.23,599,8.13,NA,1.2192,12.16152,
20220930,GRY_P2,3.5,18.1,97.5,9.21,599,8.13,NA,1.2192,12.16152,
20220930,GRY_P2,4,18.1,97.1,9.16,599,8.13,NA,1.2192,12.16152,
20220930,GRY_P2,4.5,18.1,97,9.16,599,8.13,NA,1.2192,12.16152,
20220930,GRY_P2,5,18.1,97.6,9.21,599,8.13,NA,1.2192,12.16152,
20220930,GRY_P2,5.5,18.1,97.8,9.23,599,8.13,NA,1.2192,12.16152,
20220930,GRY_P2,6,18.1,97.2,9.17,599,8.13,NA,1.2192,12.16152,
20220930,GRY_P2,6.5,18.1,95.8,9.05,599,8.13,NA,1.2192,12.16152,
20220930,GRY_P2,7,18.1,96.8,9.13,599,8.13,NA,1.2192,12.16152,
20220930,GRY_P2,7.5,18.1,95.7,9.04,599,8.13,NA,1.2192,12.16152,
20220930,GRY_P2,8,18.1,95.4,9.01,599,8.12,NA,1.2192,12.16152,
20220930,GRY_P2,8.5,18.1,95.5,9.01,599,8.13,NA,1.2192,12.16152,
20220930,GRY_P2,9,18.1,95.5,9.01,599,8.12,NA,1.2192,12.16152,
20220930,GRY_P2,9.5,18.1,95.5,9.01,599,8.12,NA,1.2192,12.16152,
20220930,GRY_P2,10,18.1,93.9,8.88,599,8.12,NA,1.2192,12.16152,
20220930,GRY_P2,10.5,18.1,94.4,8.9,599,8.11,NA,1.2192,12.16152,
20220930,GRY_P2,11,18,93,8.81,599,8.09,NA,1.2192,12.16152,
20220930,GRY_P2,11.5,18,93.8,8.87,599,8.1,NA,1.2192,12.16152,
20220930,GRY_P2,12,18,93.9,8.88,599,8.11,NA,1.2192,12.16152,
20220930,GRY_P2,12.5,18,93.9,8.88,599,8.11,NA,1.2192,12.16152,
20220930,GRY_P2,13,18,94,8.89,599,8.11,NA,1.2192,12.16152,
20220930,GRY_P2,13.5,18,93.9,8.88,599,8.11,NA,1.2192,12.16152,
20220930,GRY_P2,14,18,93.8,8.88,599,8.11,NA,1.2192,12.16152,
20220930,GRY_P2,14.5,18,93.7,8.86,599,8.11,NA,1.2192,12.16152,
20220930,GRY_P2,15,18,92.7,8.76,599,8.1,NA,1.2192,12.16152,
20220930,GRY_P3,0,18,107.7,10.17,599,8.29,NA,1.2192,8.8392,
20220930,GRY_P3,0.5,18,107.7,10.18,599,8.29,NA,1.2192,8.8392,
20220930,GRY_P3,1,18,107.1,10.12,599,8.2,NA,1.2192,8.8392,
20220930,GRY_P3,1.5,18,106.8,10.1,599,8.19,NA,1.2192,8.8392,
20220930,GRY_P3,2,18,106.7,10.08,599,8.19,NA,1.2192,8.8392,
20220930,GRY_P3,2.5,18,106.7,10.09,599,8.19,NA,1.2192,8.8392,
20220930,GRY_P3,3,18,106.7,10.08,599,8.19,NA,1.2192,8.8392,
20220930,GRY_P3,3.5,18,106.6,10.07,599,8.19,NA,1.2192,8.8392,
20220930,GRY_P3,4,18,106.7,10.08,599,8.19,NA,1.2192,8.8392,
20220930,GRY_P3,4.5,18,107,10.12,599,8.19,NA,1.2192,8.8392,
20220930,GRY_P3,5,18,107,10.12,599,8.19,NA,1.2192,8.8392,
20220930,GRY_P3,5.5,18,107,10.12,599,8.2,NA,1.2192,8.8392,
20220930,GRY_P3,6,18,107.7,10.12,599,8.2,NA,1.2192,8.8392,
20220930,GRY_P3,6.5,18,106.8,10.1,599,8.2,NA,1.2192,8.8392,
20220930,GRY_P3,7,18,106.9,10.1,599,8.2,NA,1.2192,8.8392,
20220930,GRY_P3,7.5,18,106.7,10.08,599,8.2,NA,1.2192,8.8392,
20220930,GRY_P3,8,18,106.6,10.08,599,8.2,NA,1.2192,8.8392,
20220930,GRY_P3,8.5,18,106.7,10.09,599,8.2,NA,1.2192,8.8392,
20220930,GRY_P3,9,18,106.9,10.11,599,8.2,NA,1.2192,8.8392,
20220930,GRY_P3,9.5,18,107.2,10.14,599,8.21,NA,1.2192,8.8392,
20220930,GRY_P3,10,18,107.3,10.15,599,8.21,NA,1.2192,8.8392,
20220930,GRY_P3,10.5,18,107.7,10.19,599,8.22,NA,1.2192,8.8392,
20221017,WHE_P1,0,8.7,102.5,11.89,1119,8.27,NA,2.7432,5.24256,
20221017,WHE_P1,0.5,8.7,102,1.96,1119,8.53,NA,2.7432,5.24256,
20221017,WHE_P1,1,8.6,102.9,11.98,1120,8.68,NA,2.7432,5.24256,
20221017,WHE_P1,1.5,8.5,103,12.09,1120,8.8,NA,2.7432,5.24256,
20221017,WHE_P1,2,8.4,103.7,12.13,1119,8.85,NA,2.7432,5.24256,
20221017,WHE_P1,2.5,8.4,103.9,12.16,1119,8.89,NA,2.7432,5.24256,
20221017,WHE_P1,3,8.4,103.9,12.15,1120,8.93,NA,2.7432,5.24256,
20221017,WHE_P1,3.5,8.3,103,12.04,1120,8.95,NA,2.7432,5.24256,
20221017,WHE_P1,4,8.3,102.2,12,1120,8.91,NA,2.7432,5.24256,
20221017,WHE_P1,4.5,8.2,102.7,12.07,1120,9,NA,2.7432,5.24256,
20221017,WHE_P1,5,8.2,103.5,12.15,1120,9.01,NA,2.7432,5.24256,
20221017,WHE_P1,5.5,8.2,104,12.2,1119,9.01,NA,2.7432,5.24256,
20221017,WHE_P1,6,8.3,14.3,1.68,1019,8.35,NA,2.7432,5.24256,
20221017,WHE_P1,6.5,8.4,0.98,1.05,1012,8.29,NA,2.7432,5.24256,
20221017,WHE_P1,7,8.4,4.6,1.57,1008,8.27,NA,2.7432,5.24256,
20221017,WHE_P1,7.5,8.4,3.9,0.46,1006,8.2,NA,2.7432,5.24256,
20221017,WHE_P1,8,8.4,2.5,0.28,1004,8.16,NA,2.7432,5.24256,
20221017,WHE_P2,0,8.5,106.9,12.45,1119,8.81,NA,2.7432,2.7432,
20221017,WHE_P2,0.5,8.5,106.7,12.44,1120,8.9,NA,2.7432,2.7432,
20221017,WHE_P2,1,8.4,106.6,12.46,1121,8.94,NA,2.7432,2.7432,
20221017,WHE_P2,1.5,8.2,106.8,12.55,1124,8.98,NA,2.7432,2.7432,
20221017,WHE_P2,2,8.1,110.5,12.95,1124,9.03,NA,2.7432,2.7432,
20221017,WHE_P2,2.5,8.1,111.5,12.12,1124,9.04,NA,2.7432,2.7432,
20221017,WHE_P2,3,8.2,114.2,13.44,1123,9.07,NA,2.7432,2.7432,
20221017,WHE_P2,3.5,8.2,114.3,13.43,1123,9.07,NA,2.7432,2.7432,Hit bottom 
20221017,WHE_P3,0,8.4,111.4,13.02,1125,9.05,NA,2.7432,4.81584,
20221017,WHE_P3,0.5,8.4,111.1,13,1126,9.03,NA,2.7432,4.81584,
20221017,WHE_P3,1,8.3,110.8,12.98,1127,9.05,NA,2.7432,4.81584,
20221017,WHE_P3,1.5,8.2,110.4,12.99,1126,9.06,NA,2.7432,4.81584,
20221017,WHE_P3,2,8.1,110.1,12.97,1126,9.07,NA,2.7432,4.81584,
20221017,WHE_P3,2.5,8,110,12.97,1126,9.08,NA,2.7432,4.81584,
20221017,WHE_P3,3,8,109.8,12.95,1126,9.08,NA,2.7432,4.81584,
20221017,WHE_P3,3.5,8,109,12.86,1126,9.09,NA,2.7432,4.81584,
20221017,WHE_P3,4,7.9,108.1,12.77,1127,9.09,NA,2.7432,4.81584,
20221017,WHE_P3,4.5,7.8,107.7,12.77,1126,9.1,NA,2.7432,4.81584,
20221017,WHE_P3,5,7.8,106.4,12.61,1127,9.1,NA,2.7432,4.81584,
20221017,WHE_P3,5.5,7.8,88.3,10.14,1125,9.09,NA,2.7432,4.81584,
20221017,WHE_P3,6,7.9,7.4,0.88,1070,8.73,NA,2.7432,4.81584,
20221017,WHE_P3,6.5,7.9,6.8,0.8,1066,8.66,NA,2.7432,4.81584,
20221017,WHE_P3,7,7.9,6.1,0.71,1066,8.62,NA,2.7432,4.81584,Hit bottom 
20221019,SAR_P1,0,10.3,114.8,12.86,413.7,8.365,NA,1.143,2.3622,
20221019,SAR_P1,0.5,10.2,114.2,12.81,413.7,8.65,NA,1.143,2.3622,
20221019,SAR_P1,1,9.7,112.2,12.74,413.6,8.66,NA,1.143,2.3622,
20221019,SAR_P1,1.5,9.5,111.6,12.72,413.6,8.66,NA,1.143,2.3622,
20221019,SAR_P1,2,9.4,111.3,12.73,413.9,8.66,NA,1.143,2.3622,
20221019,SAR_P1,2.5,9.3,111.8,12.81,413.7,8.66,NA,1.143,2.3622,Hit bottom 
20221019,SAR_P1,3,NA,NA,NA,NA,NA,NA,1.143,2.3622,
20221019,SAR_P1,3.5,NA,NA,NA,NA,NA,NA,1.143,2.3622,
20221019,SAR_P2,0,10.4,120,13.39,416.9,8.58,NA,1.6764,3.6576,
20221019,SAR_P2,0.5,10.4,120.1,13.41,416.7,8.57,NA,1.6764,3.6576,
20221019,SAR_P2,1,10.1,119.2,13.4,417,8.58,NA,1.6764,3.6576,
20221019,SAR_P2,1.5,9.5,116.7,13.39,416.9,8.59,NA,1.6764,3.6576,
20221019,SAR_P2,2,9.1,115.9,13.35,417.2,8.6,NA,1.6764,3.6576,
20221019,SAR_P2,2.5,8.9,115.3,13.34,417.1,8.6,NA,1.6764,3.6576,
20221019,SAR_P2,3,8.7,117.8,13.68,416.5,8.6,NA,1.6764,3.6576,Hit bottom 
20221019,SAR_P2,3.5,NA,NA,NA,NA,NA,NA,1.6764,3.6576,
20221019,SAR_P3,0,9.5,116.1,13.25,417.2,8.7,NA,1.6764,2.4384,
20221019,SAR_P3,0.5,9.5,116.1,13.24,417.2,8.68,NA,1.6764,2.4384,
20221019,SAR_P3,1,9.4,116.2,13.3,417.3,8.66,NA,1.6764,2.4384,
20221019,SAR_P3,1.5,9,117.8,13.63,416.4,8.65,NA,1.6764,2.4384,
20221019,SAR_P3,2,8.9,118.1,13.66,416.5,8.64,NA,1.6764,2.4384,
20221019,SAR_P3,2.5,8.7,119.3,13.88,416.1,8.64,NA,1.6764,2.4384,
20221019,SAR_P3,3,8.6,118.6,13.81,416.2,8.64,NA,1.6764,2.4384,Hit bottom 
20221019,SAR_P3,3.5,NA,NA,NA,NA,NA,NA,1.6764,2.4384,
20221017,ALS_P1,0,10.3,110.3,12.3,1588,8.96,NA,1.6764,1.8288,
20221017,ALS_P1,0.5,10.4,110.9,12.43,1588,8.97,NA,1.6764,1.8288,
20221017,ALS_P1,1,10.1,109.4,12.23,1587,8.96,NA,1.6764,1.8288,
20221017,ALS_P1,1.5,10.1,109,12.22,1588,8.96,NA,1.6764,1.8288,
20221017,ALS_P1,2,9.5,152.8,17.41,1584,9.03,NA,1.6764,1.8288,Hit bottom 
20221017,ALS_P1,2.5,NA,NA,NA,NA,NA,NA,1.6764,1.8288,
20221017,ALS_P1,3,NA,NA,NA,NA,NA,NA,1.6764,1.8288,
20221017,ALS_P1,3.5,NA,NA,NA,NA,NA,NA,1.6764,1.8288,
20221017,ALS_P2,0,8.9,107.5,12.46,1587,9,NA,3.6576,3.9624,
20221017,ALS_P2,0.5,8.9,108.3,12.48,1587,9,NA,3.6576,3.9624,
20221017,ALS_P2,1,8.9,107.4,12.38,1587,9,NA,3.6576,3.9624,
20221017,ALS_P2,1.5,8.8,105.6,12.17,1587,8.99,NA,3.6576,3.9624,
20221017,ALS_P2,2,8.8,105.8,12.22,1587,8.99,NA,3.6576,3.9624,
20221017,ALS_P2,2.5,8.7,106.9,12.36,1587,8.99,NA,3.6576,3.9624,
20221017,ALS_P2,3,8.8,110.5,12.75,1584,9,NA,3.6576,3.9624,
20221017,ALS_P2,3.5,8.3,116.6,13.66,1589,9.02,NA,3.6576,3.9624,
20221017,ALS_P2,4,8.3,117.6,13.76,1589,9.05,NA,3.6576,3.9624,
20221017,ALS_P3,0,10.5,110.6,12.21,1584,8.92,NA,2.4384,2.4384,
20221017,ALS_P3,0.5,10.5,110,12.2,1584,8.92,NA,2.4384,2.4384,
20221017,ALS_P3,1,10.5,111.2,12.38,1586,8.95,NA,2.4384,2.4384,
20221017,ALS_P3,1.5,10.1,138.9,12.55,1590,9,NA,2.4384,2.4384,
20221017,ALS_P3,2,10.3,202.2,22.49,1578,9.11,NA,2.4384,2.4384,Hit bottom 
20221017,ALS_P3,2.5,NA,NA,NA,NA,NA,NA,2.4384,2.4384,
20221017,ALS_P3,3,NA,NA,NA,NA,NA,NA,2.4384,2.4384,
20221017,ALS_P3,3.5,NA,NA,NA,NA,NA,NA,2.4384,2.4384,
20221019,GRN_P1,0,10.2,98.3,11.02,101.5,8.08,NA,2.7432,9.4488,
20221019,GRN_P1,0.5,10.2,98,10.99,101.5,8.02,NA,2.7432,9.4488,
20221019,GRN_P1,1,10.3,97.7,10.96,101.5,7.97,NA,2.7432,9.4488,
20221019,GRN_P1,1.5,10.3,97.7,10.96,101.5,7.91,NA,2.7432,9.4488,
20221019,GRN_P1,2,10.2,97.8,10.98,101.5,7.8,NA,2.7432,9.4488,
20221019,GRN_P1,2.5,10.2,97.7,10.96,101.5,7.75,NA,2.7432,9.4488,
20221019,GRN_P1,3,10.2,97.6,10.96,101.5,7.73,NA,2.7432,9.4488,
20221019,GRN_P1,3.5,10.2,97.5,10.94,101.5,7.68,NA,2.7432,9.4488,
20221019,GRN_P1,4,10.2,97.5,10.94,101.5,7.65,NA,2.7432,9.4488,
20221019,GRN_P1,4.5,10.2,97.5,10.94,101.5,7.64,NA,2.7432,9.4488,
20221019,GRN_P1,5,10.2,97.5,10.95,101.5,7.68,NA,2.7432,9.4488,
20221019,GRN_P1,5.5,10.2,97.4,10.94,101.5,7.61,NA,2.7432,9.4488,
20221019,GRN_P1,6,10.2,97.2,10.91,101.5,7.6,NA,2.7432,9.4488,
20221019,GRN_P1,6.5,10.2,97.2,10.92,101.5,7.6,NA,2.7432,9.4488,
20221019,GRN_P1,7,10.2,97.2,10.92,101.5,7.52,NA,2.7432,9.4488,
20221019,GRN_P1,7.5,10.2,97.1,10.91,101.5,7.59,NA,2.7432,9.4488,
20221019,GRN_P1,8,10.2,96.2,10.82,101.5,7.61,NA,2.7432,9.4488,
20221019,GRN_P1,8.5,10.3,96.9,10.88,101.5,7.64,NA,2.7432,9.4488,
20221019,GRN_P1,9,10.3,96.5,10.82,101.5,7.64,NA,2.7432,9.4488,
20221019,GRN_P1,9.5,10.2,94.4,10.6,101.5,7.6,NA,2.7432,9.4488,
20221019,GRN_P1,10,10.3,90.6,10.61,101.5,7.54,NA,2.7432,9.4488,
20221019,GRN_P2,0,10.5,101.3,11.31,101.4,7.94,NA,2.8956,12.46632,
20221019,GRN_P2,0.5,10.5,101.3,11.31,101.4,7.92,NA,2.8956,12.46632,
20221019,GRN_P2,1,10.5,101.4,11.32,101.5,7.92,NA,2.8956,12.46632,
20221019,GRN_P2,1.5,10.5,101.2,11.3,101.5,7.91,NA,2.8956,12.46632,
20221019,GRN_P2,2,10.4,101.1,11.29,101.5,7.9,NA,2.8956,12.46632,
20221019,GRN_P2,2.5,10.5,101.3,11.31,101.5,7.9,NA,2.8956,12.46632,
20221019,GRN_P2,3,10.4,101,11.28,101.5,7.89,NA,2.8956,12.46632,
20221019,GRN_P2,3.5,10.4,100.6,11.24,101.5,7.89,NA,2.8956,12.46632,
20221019,GRN_P2,4,10.4,100.1,11.19,101.5,7.87,NA,2.8956,12.46632,
20221019,GRN_P2,4.5,10.4,100.1,11.19,101.5,7.88,NA,2.8956,12.46632,
20221019,GRN_P2,5,10.4,100.1,11.19,101.5,7.88,NA,2.8956,12.46632,
20221019,GRN_P2,5.5,10.4,99.8,11.15,101.5,7.89,NA,2.8956,12.46632,
20221019,GRN_P2,6,10.4,99.7,11.15,101.5,7.86,NA,2.8956,12.46632,
20221019,GRN_P2,6.5,10.4,99.5,11.12,101.5,7.87,NA,2.8956,12.46632,
20221019,GRN_P2,7,10.4,99.5,11.12,101.5,7.86,NA,2.8956,12.46632,
20221019,GRN_P2,7.5,10.4,99.6,11.13,101.5,7.86,NA,2.8956,12.46632,
20221019,GRN_P2,8,10.4,99.6,11.13,101.5,7.85,NA,2.8956,12.46632,
20221019,GRN_P2,8.5,10.4,99.6,11.14,101.5,7.85,NA,2.8956,12.46632,
20221019,GRN_P2,9,10.4,99.6,11.13,101.5,7.85,NA,2.8956,12.46632,
20221019,GRN_P2,9.5,10.4,99.7,11.17,101.5,7.85,NA,2.8956,12.46632,
20221019,GRN_P2,10,10.4,99.7,11.14,101.5,7.86,NA,2.8956,12.46632,
20221019,GRN_P3,0,10.5,102.6,11.44,101.4,8.62,NA,2.8956,16.764,
20221019,GRN_P3,0.5,10.5,102.5,11.43,101.4,8.54,NA,2.8956,16.764,
20221019,GRN_P3,1,10.5,102.5,11.42,101.4,8.39,NA,2.8956,16.764,
20221019,GRN_P3,1.5,10.5,102.6,11.44,101.4,8.34,NA,2.8956,16.764,
20221019,GRN_P3,2,10.5,102.6,11.43,101.4,8.31,NA,2.8956,16.764,
20221019,GRN_P3,2.5,10.5,102.5,11.42,101.4,8.26,NA,2.8956,16.764,
20221019,GRN_P3,3,10.5,102.2,11.39,101.4,8.25,NA,2.8956,16.764,
20221019,GRN_P3,3.5,10.5,102.1,11.38,101.4,8.19,NA,2.8956,16.764,
20221019,GRN_P3,4,10.5,102,11.37,101.4,8.18,NA,2.8956,16.764,
20221019,GRN_P3,4.5,10.5,102.2,11.39,101.4,8.11,NA,2.8956,16.764,
20221019,GRN_P3,5,10.5,102.1,11.39,101.4,8.09,NA,2.8956,16.764,
20221019,GRN_P3,5.5,10.5,102.1,11.39,101.4,8.06,NA,2.8956,16.764,
20221019,GRN_P3,6,10.4,102.2,11.45,101.5,8.07,NA,2.8956,16.764,
20221019,GRN_P3,6.5,10.4,102.2,11.44,101.5,8.06,NA,2.8956,16.764,
20221019,GRN_P3,7,10.4,102.4,11.45,101.5,8.04,NA,2.8956,16.764,
20221019,GRN_P3,7.5,10.4,102.2,11.44,101.5,8.02,NA,2.8956,16.764,
20221019,GRN_P3,8,10.4,102.3,11.44,101.5,8.02,NA,2.8956,16.764,
20221019,GRN_P3,8.5,10.4,102.3,11.45,101.5,8.02,NA,2.8956,16.764,
20221019,GRN_P3,9,10.4,102.2,11.41,101.4,8.01,NA,2.8956,16.764,
20221019,GRN_P3,9.5,10.5,102,11.37,101.4,8.01,NA,2.8956,16.764,
20221019,GRN_P3,10,10.5,102,11.38,101.5,8.01,NA,2.8956,16.764,
20221020,GRY_P1,0,13.4,104.6,10.9,594,8.38,NA,1.0668,14.87424,
20221020,GRY_P1,0.5,13.4,104.5,10.88,594,8.38,NA,1.0668,14.87424,
20221020,GRY_P1,1,13.4,104.2,10.86,594,8.37,NA,1.0668,14.87424,
20221020,GRY_P1,1.5,13.4,103.2,10.75,594,8.36,NA,1.0668,14.87424,
20221020,GRY_P1,2,13.4,103,10.74,594,8.35,NA,1.0668,14.87424,
20221020,GRY_P1,2.5,13.4,102.5,10.69,594,8.33,NA,1.0668,14.87424,
20221020,GRY_P1,3,13.4,102.5,10.69,594,8.33,NA,1.0668,14.87424,
20221020,GRY_P1,3.5,13.4,102.5,10.68,594,8.32,NA,1.0668,14.87424,
20221020,GRY_P1,4,13.4,102.7,10.7,594,8.32,NA,1.0668,14.87424,
20221020,GRY_P1,4.5,13.4,102.6,10.7,594,8.31,NA,1.0668,14.87424,
20221020,GRY_P1,5,13.4,102.6,10.69,594,8.3,NA,1.0668,14.87424,
20221020,GRY_P1,5.5,13.4,102.3,10.67,594,8.3,NA,1.0668,14.87424,
20221020,GRY_P1,6,13.4,102.2,10.65,594,8.29,NA,1.0668,14.87424,
20221020,GRY_P1,6.5,13.4,102.2,10.66,594,8.29,NA,1.0668,14.87424,
20221020,GRY_P1,7,13.4,102.3,10.67,594,8.29,NA,1.0668,14.87424,
20221020,GRY_P1,7.5,13.4,102,10.64,594,8.28,NA,1.0668,14.87424,
20221020,GRY_P1,8,13.4,102.3,10.66,594,8.28,NA,1.0668,14.87424,
20221020,GRY_P1,8.5,13.4,102.1,10.65,594,8.28,NA,1.0668,14.87424,
20221020,GRY_P1,9,13.4,102.4,10.67,594,8.28,NA,1.0668,14.87424,
20221020,GRY_P1,9.5,13.4,102.2,10.66,593,8.28,NA,1.0668,14.87424,
20221020,GRY_P1,10,13.4,102.1,10.64,593,8.28,NA,1.0668,14.87424,
20221020,GRY_P1,10.5,13.4,101.8,10.61,593,8.27,NA,1.0668,14.87424,
20221020,GRY_P1,11,13.4,101.7,10.61,593,8.27,NA,1.0668,14.87424,
20221020,GRY_P1,11.5,13.4,100.5,10.49,593,8.27,NA,1.0668,14.87424,
20221020,GRY_P1,12,13.4,100.6,10.5,593,8.27,NA,1.0668,14.87424,
20221020,GRY_P1,12.5,13.3,98.6,10.3,594,8.26,NA,1.0668,14.87424,
20221020,GRY_P1,13,13.2,89.9,9.43,595,8.23,NA,1.0668,14.87424,
20221020,GRY_P1,13.5,13.1,86.7,9.11,596,8.21,NA,1.0668,14.87424,
20221020,GRY_P1,14,12.9,83.1,8.75,597,8.2,NA,1.0668,14.87424,
20221020,GRY_P1,14.5,12.9,81,8.54,597,8.18,NA,1.0668,14.87424,
20221020,GRY_P1,15,12.8,70.2,7.41,602,8.12,NA,1.0668,14.87424,
20221020,GRY_P1,15.5,12.8,68.2,7.23,602,8.08,NA,1.0668,14.87424,
20221020,GRY_P1,16,12.8,67.8,7.17,602,7.9,NA,1.0668,14.87424,
20221020,GRY_P1,17,12.8,3.8,0.4,603,7.46,NA,1.0668,14.87424,
20221020,GRY_P1,18,12.8,1.2,0.13,606,7.3,NA,1.0668,14.87424,
20221020,GRY_P2,0,13.8,117.4,12.15,592,8.2,NA,1.0668,12.55776,
20221020,GRY_P2,0.5,13.6,118,12.24,592,8.24,NA,1.0668,12.55776,
20221020,GRY_P2,1,13.5,119.1,12.39,592,8.26,NA,1.0668,12.55776,
20221020,GRY_P2,1.5,13.4,118.9,12.39,592,8.27,NA,1.0668,12.55776,
20221020,GRY_P2,2,13.4,117.4,12.23,592,8.27,NA,1.0668,12.55776,
20221020,GRY_P2,2.5,13.4,115.2,12.01,592,8.27,NA,1.0668,12.55776,
20221020,GRY_P2,3,13.4,114.7,11.96,592,8.27,NA,1.0668,12.55776,
20221020,GRY_P2,3.5,13.4,114.2,11.91,592,8.28,NA,1.0668,12.55776,
20221020,GRY_P2,4,13.4,114,11.9,592,8.28,NA,1.0668,12.55776,
20221020,GRY_P2,4.5,13.4,114.3,11.93,592,8.28,NA,1.0668,12.55776,
20221020,GRY_P2,5,13.4,114.5,11.95,592,8.28,NA,1.0668,12.55776,
20221020,GRY_P2,5.5,13.3,115,12.01,591,8.29,NA,1.0668,12.55776,
20221020,GRY_P2,6,13.3,115.1,12.02,592,8.29,NA,1.0668,12.55776,
20221020,GRY_P2,6.5,13.3,115,12.01,592,8.3,NA,1.0668,12.55776,
20221020,GRY_P2,7,13.3,114.9,12,592,8.3,NA,1.0668,12.55776,
20221020,GRY_P2,7.5,13.3,114.5,11.96,592,8.31,NA,1.0668,12.55776,
20221020,GRY_P2,8,13.3,114.2,11.93,592,8.31,NA,1.0668,12.55776,
20221020,GRY_P2,8.5,13.3,113.7,11.89,592,8.31,NA,1.0668,12.55776,
20221020,GRY_P2,9,13.3,112.9,11.8,592,8.37,NA,1.0668,12.55776,
20221020,GRY_P2,9.5,13.2,112.1,11.73,592,8.32,NA,1.0668,12.55776,
20221020,GRY_P2,10,13.2,110.4,11.56,592,8.31,NA,1.0668,12.55776,
20221020,GRY_P2,10.5,13.2,108.6,11.37,593,8.31,NA,1.0668,12.55776,
20221020,GRY_P2,11,13.2,106.9,11.2,593,8.3,NA,1.0668,12.55776,
20221020,GRY_P2,11.5,13.2,105.6,11.06,594,8.3,NA,1.0668,12.55776,
20221020,GRY_P2,12,13.2,104.9,10.99,594,8.29,NA,1.0668,12.55776,
20221020,GRY_P2,12.5,12.7,66.4,7.03,603,8.16,NA,1.0668,12.55776,
20221020,GRY_P2,13,12.7,55.4,5.86,605,8.07,NA,1.0668,12.55776,
20221020,GRY_P2,13.5,12.8,5.3,0.55,602,7.67,NA,1.0668,12.55776,
20221020,GRY_P2,14,12.8,2.8,0.3,602,7.59,NA,1.0668,12.55776,
20221020,GRY_P2,14.5,12.8,1.8,0.19,601,7.44,NA,1.0668,12.55776,
20221020,GRY_P2,15,12.8,1.5,0.16,601,7.42,NA,1.0668,12.55776,
20221020,GRY_P3,0,13.5,120.9,12.57,592,8.25,NA,1.0668,9.69264,
20221020,GRY_P3,0.5,13.5,121.3,12.61,592,8.26,NA,1.0668,9.69264,
20221020,GRY_P3,1,13.3,121.2,12.69,592,8.3,NA,1.0668,9.69264,
20221020,GRY_P3,1.5,13.1,118.4,12.42,592,8.3,NA,1.0668,9.69264,
20221020,GRY_P3,2,13.1,114.5,12.03,592,8.29,NA,1.0668,9.69264,
20221020,GRY_P3,2.5,13,112.9,11.87,592,8.28,NA,1.0668,9.69264,
20221020,GRY_P3,3,13,112.6,11.83,592,8.28,NA,1.0668,9.69264,
20221020,GRY_P3,3.5,13,111.8,11.76,592,8.28,NA,1.0668,9.69264,
20221020,GRY_P3,4,13,111.4,11.71,593,8.29,NA,1.0668,9.69264,
20221020,GRY_P3,4.5,13,110.3,11.6,593,8.29,NA,1.0668,9.69264,
20221020,GRY_P3,5,13,109.4,11.51,593,8.29,NA,1.0668,9.69264,
20221020,GRY_P3,5.5,13,109,11.57,593,8.29,NA,1.0668,9.69264,
20221020,GRY_P3,6,13,108.9,11.46,593,8.29,NA,1.0668,9.69264,
20221020,GRY_P3,6.5,12.9,110.9,11.69,592,8.3,NA,1.0668,9.69264,
20221020,GRY_P3,7,12.9,113,11.92,592,8.31,NA,1.0668,9.69264,
20221020,GRY_P3,7.5,12.9,112.6,11.87,592,8.32,NA,1.0668,9.69264,
20221020,GRY_P3,8,12.9,112.5,11.87,592,8.32,NA,1.0668,9.69264,
20221020,GRY_P3,8.5,12.8,113.4,11.98,592,8.33,NA,1.0668,9.69264,
20221020,GRY_P3,9,12.8,113.1,11.95,592,8.33,NA,1.0668,9.69264,
20221020,GRY_P3,9.5,12.8,112.3,11.86,592,8.33,NA,1.0668,9.69264,
20221020,GRY_P3,10,12.8,109.8,11.59,592,8.33,NA,1.0668,9.69264,
20221020,GRY_P3,10.5,12.8,109.4,11.55,593,8.33,NA,1.0668,9.69264,
20221020,GRY_P3,11,12.8,109.6,11.57,593,8.33,NA,1.0668,9.69264,
20221020,GRY_P3,11.5,12.8,109.2,11.52,593,8.33,NA,1.0668,9.69264,
20221020,GRY_P3,12,12.8,109.1,11.52,593,8.33,NA,1.0668,9.69264,
20221020,GRY_P3,12.5,12.9,108.7,11.47,593,8.33,NA,1.0668,9.69264,
20221028,SAR_P1,0,4.4,105.1,13.62,420.3,8.58,NA,0.8382,2.4384,
20221028,SAR_P1,0.5,4.4,105.1,13.61,420.2,8.58,NA,0.8382,2.4384,
20221028,SAR_P1,1,4.5,105.1,13.6,420.2,8.58,NA,0.8382,2.4384,
20221028,SAR_P1,1.5,4.5,105,13.59,420.3,8.58,NA,0.8382,2.4384,
20221028,SAR_P1,2,4.4,105.5,13.66,420.3,8.58,NA,0.8382,2.4384,Hit bottom 
20221028,SAR_P1,2.5,NA,NA,NA,NA,NA,NA,0.8382,2.4384,
20221028,SAR_P1,3,NA,NA,NA,NA,NA,NA,0.8382,2.4384,
20221028,SAR_P1,3.5,NA,NA,NA,NA,NA,NA,0.8382,2.4384,
20221028,SAR_P2,0,4.6,110.3,14.21,418.4,8.55,NA,1.3716,3.3528,
20221028,SAR_P2,0.5,4.5,110.1,14.22,418.1,8.55,NA,1.3716,3.3528,
20221028,SAR_P2,1,4.4,109.8,14.22,418.7,8.56,NA,1.3716,3.3528,
20221028,SAR_P2,1.5,4.3,109.8,14.23,418.7,8.56,NA,1.3716,3.3528,
20221028,SAR_P2,2,4.4,109.8,14.23,418.8,8.57,NA,1.3716,3.3528,
20221028,SAR_P2,2.5,4.3,109.7,14.3,4194,8.57,NA,1.3716,3.3528,
20221028,SAR_P2,3,4.4,109.9,14.24,418.8,8.58,NA,1.3716,3.3528,Hit bottom @ 3.25
20221028,SAR_P2,3.5,NA,NA,NA,NA,NA,NA,1.3716,3.3528,
20221028,SAR_P3,0,4.5,108.8,14.04,418.8,8.58,NA,1.4478,2.1336,
20221028,SAR_P3,0.5,4.5,108.8,14.05,419,8.58,NA,1.4478,2.1336,
20221028,SAR_P3,1,4.4,108.8,14.09,418.8,8.59,NA,1.4478,2.1336,
20221028,SAR_P3,1.5,4.2,108.8,14.16,418.6,8.59,NA,1.4478,2.1336,
20221028,SAR_P3,2,4.2,109.3,14.25,418.9,8.59,NA,1.4478,2.1336,Hit bottom 
20221028,SAR_P3,2.5,NA,NA,NA,NA,NA,NA,1.4478,2.1336,
20221028,SAR_P3,3,NA,NA,NA,NA,NA,NA,1.4478,2.1336,
20221028,SAR_P3,3.5,NA,NA,NA,NA,NA,NA,1.4478,2.1336,
20220615,BOY_RPD_12m,0.5,15,91.6,7.7,281.4,7.6,NA,0.25,12,sample depth 0.5 m; water depth estimated from max profile depth or zoop tow inferred as max depth if close
20220712,BOY_RPD_12m,0.5,21.8,95.5,7.1,368.5,7.8,NA,2.4,12.23809,sample depth 0.5 m; water depth estimated from max profile depth or zoop tow inferred as max depth if close
20220829,BOY_RPD_12m,0.5,22.4,97.1,7.1,487.2,8.7,NA,1.45,12.44492,sample depth 0.5 m; water depth estimated from max profile depth or zoop tow inferred as max depth if close
20220927,BOY_RPD_11m,0.5,17.9,95.4,7.7,491.7,7.9,NA,2.38,11,sample depth 0.5 m; water depth estimated from max profile depth or zoop tow inferred as max depth if close
20220615,BOY_TPD_17m,0.5,14.9,93.2,7.9,443.8,8.1,NA,0.33,17,sample depth 0.5 m; water depth estimated from max profile depth or zoop tow inferred as max depth if close
20220712,BOY_TPD_17m,0.5,21.9,97.9,7.2,413.6,8,NA,3.58,17,sample depth 0.5 m; water depth estimated from max profile depth or zoop tow inferred as max depth if close
20220829,BOY_TPD_16m,0.5,22.5,93.9,6.9,484.6,8.6,NA,2,16,sample depth 0.5 m; water depth estimated from max profile depth or zoop tow inferred as max depth if close
20220927,BOY_TPD_16m,0.5,18,88.1,7.1,490.1,7.9,NA,3.15,16,sample depth 0.5 m; water depth estimated from max profile depth or zoop tow inferred as max depth if close
20220615,BOY_LPD_30m,0.5,16.1,103.8,8.6,577.3,9.2,NA,2.2,30,sample depth 0.5 m; water depth estimated from max profile depth or zoop tow inferred as max depth if close
20220712,BOY_LPD_30m,0.5,20.1,94.1,7.2,474.3,7.9,NA,5,30.43,sample depth 0.5 m; water depth estimated from max profile depth or zoop tow inferred as max depth if close
20220829,BOY_LPD_30m,0.5,21.7,91.1,6.8,479.2,8.5,NA,6.15,30,sample depth 0.5 m; water depth estimated from max profile depth or zoop tow inferred as max depth if close
20220927,BOY_LPD_27m,0.5,18,74.5,6,495.6,7.6,NA,4.24,29.06,sample depth 0.5 m; water depth estimated from max profile depth or zoop tow inferred as max depth if close
20221019,BOY_LPD_29m,0.5,15.3,84.4,7.2,497.4,8,NA,4.4,29,sample depth 0.5 m; water depth estimated from max profile depth or zoop tow inferred as max depth if close
